Date,Customer,Products,Quantity,Rate,Value ( Quantity * Rate )
04-Apr-24,Customer D,Product 001,2000.0,108.09,216180.0
04-Apr-24,Customer 42,Product 160,1025.0,27.4,28085.0
08-Apr-24,Customer E,Product 005,8200.0,41.37,339234.0
08-Apr-24,Customer E,Product 024,3000.0,9.64,28920.0
12-Apr-24,Customer 39,Product 172,500.0,44.39,22195.0
12-Apr-24,Customer 39,Product 162,500.0,50.96,25480.0
12-Apr-24,Customer D,Product 001,2000.0,108.09,216180.0
16-Apr-24,Customer E,Product 073,1200.0,67.13,80556.0
16-Apr-24,Customer E,Product 128,1200.0,23.08,27696.0
16-Apr-24,Customer E,Product 061,1000.0,31.32,31320.0
16-Apr-24,Customer I,Product 007,5400.0,10.96,59184.0
18-Apr-24,Customer 42,Product 160,1080.0,27.4,29592.0
18-Apr-24,Customer A,Product 129,2903.0,20.55,59656.65
18-Apr-24,Customer A,Product 081,190.0,64.39,12234.1
18-Apr-24,Customer A,Product 205,3305.0,5.48,18111.4
18-Apr-24,Customer A,Product 217,3305.0,3.01,9948.05
18-Apr-24,Customer A,Product 212,1000.0,12.19,12190.0
18-Apr-24,Customer A,Product 011,1714.0,10.96,18785.44
18-Apr-24,Customer A,Product 047,1009.0,21.92,22117.28
18-Apr-24,Customer A,Product 010,2184.0,26.03,56849.52
18-Apr-24,Customer A,Product 009,1785.0,19.18,34236.3
18-Apr-24,Customer A,Product 118,155.0,84.94,13165.7
19-Apr-24,Customer Q,Product 057,200.0,32.93,6586.0
19-Apr-24,Customer Q,Product 067,200.0,33.06,6612.0
19-Apr-24,Customer Q,Product 134,1000.0,8.55,8550.0
19-Apr-24,Customer Q,Product 094,1500.0,11.48,17220.0
20-Apr-24,Customer D,Product 001,2400.0,108.09,259416.0
20-Apr-24,Customer D,Product 025,1200.0,103.98,124776.0
22-Apr-24,Customer E,Product 035,1000.0,31.32,31320.0
23-Apr-24,Customer 40,Product 148,1500.0,13.36,20040.0
24-Apr-24,Customer I,Product 007,26200.0,10.96,287152.0
29-Apr-24,Customer D,Product 001,800.0,108.09,86472.0
29-Apr-24,Customer D,Product 025,515.0,103.98,53549.7
29-Apr-24,Customer D,Product 025,400.0,96.31,38524.0
29-Apr-24,Customer A,Product 034,1908.0,20.55,39209.4
29-Apr-24,Customer A,Product 011,1142.0,10.96,12516.32
29-Apr-24,Customer A,Product 081,1.0,64.39,64.39
29-Apr-24,Customer A,Product 112,1.0,71.24,71.24
29-Apr-24,Customer A,Product 237,20.0,5.48,109.6
29-Apr-24,Customer A,Product 047,2.0,21.92,43.84
29-Apr-24,Customer A,Product 240,4.0,5.48,21.92
29-Apr-24,Customer A,Product 163,4.0,5.48,21.92
29-Apr-24,Customer A,Product 240,8.0,5.48,43.84
29-Apr-24,Customer A,Product 099,1.0,20.55,20.55
29-Apr-24,Customer A,Product 138,1.0,20.55,20.55
03-May-24,Customer C,Product 004,1768.0,153.17,270804.56
07-May-24,Customer A,Product 101,4746.0,12.33,58518.18
07-May-24,Customer A,Product 036,1785.0,12.19,21759.15
07-May-24,Customer A,Product 009,1760.0,19.18,33756.8
07-May-24,Customer A,Product 011,6988.0,10.96,76588.48
07-May-24,Customer A,Product 016,4618.0,8.49,39206.82
07-May-24,Customer A,Product 102,43.0,20.55,883.65
07-May-24,Customer A,Product 099,60.0,20.55,1233.0
07-May-24,Customer A,Product 034,2.0,21.92,43.84
07-May-24,Customer A,Product 112,280.0,71.24,19947.2
07-May-24,Customer A,Product 132,6983.0,8.49,59285.67
07-May-24,Customer A,Product 009,2555.0,19.18,49004.9
07-May-24,Customer A,Product 010,1250.0,26.03,32537.5
07-May-24,Customer A,Product 020,1711.0,21.92,37505.12
07-May-24,Customer A,Product 011,1424.0,10.96,15607.04
07-May-24,Customer A,Product 044,50.0,10.48,524.0
07-May-24,Customer A,Product 169,50.0,10.48,524.0
07-May-24,Customer A,Product 036,800.0,12.19,9752.0
07-May-24,Customer A,Product 245,8.0,5.48,43.84
09-May-24,Customer Q,Product 057,800.0,32.93,26344.0
09-May-24,Customer Q,Product 067,800.0,33.06,26448.0
10-May-24,Customer D,Product 001,2000.0,108.09,216180.0
10-May-24,Customer D,Product 025,2000.0,103.98,207960.0
16-May-24,Customer W,Product 097,530.0,115.77,61358.1
16-May-24,Customer W,Product 145,500.0,40.83,20415.0
16-May-24,Customer W,Product 063,1000.0,113.3,113300.0
18-May-24,Customer A,Product 081,685.0,64.39,44107.15
18-May-24,Customer A,Product 112,2.0,71.24,142.48
18-May-24,Customer A,Product 118,333.0,84.94,28285.02
18-May-24,Customer A,Product 115,2.0,95.9,191.8
18-May-24,Customer D,Product 001,2000.0,108.09,216180.0
20-May-24,Customer M,Product 040,4700.0,26.03,122341.0
21-May-24,Customer M,Product 040,4300.0,26.03,111929.0
24-May-24,Customer D,Product 025,2200.0,103.98,228756.0
27-May-24,Customer E,Product 017,5285.0,45.59,240943.15
27-May-24,Customer E,Product 071,900.0,35.74,32166.0
27-May-24,Customer E,Product 024,5000.0,10.03,50150.0
27-May-24,Customer 49,Product 167,1000.0,15.41,15410.0
28-May-24,Customer I,Product 007,9160.0,10.96,100393.6
29-May-24,Customer Y,Product 077,5625.0,25.35,142593.75
29-May-24,Customer S,Product 107,15.0,11371.0,170565.0
29-May-24,Customer S,Product 078,15.0,11371.0,170565.0
29-May-24,Customer E,Product 061,1000.0,33.47,33470.0
30-May-24,Customer G,Product 100,500.0,380.33,190165.0
31-May-24,Customer M,Product 040,673.0,26.03,17518.19
31-May-24,Customer D,Product 001,1000.0,108.09,108090.0
31-May-24,Customer D,Product 025,200.0,103.98,20796.0
31-May-24,Customer D,Product 025,1000.0,96.31,96310.0
01-Jun-24,Customer E,Product 035,600.0,33.47,20082.0
06-Jun-24,Customer A,Product 122,990.0,8.77,8682.3
06-Jun-24,Customer A,Product 101,204.0,12.33,2515.32
06-Jun-24,Customer A,Product 010,2000.0,26.03,52060.0
06-Jun-24,Customer A,Product 009,1000.0,19.18,19180.0
06-Jun-24,Customer A,Product 122,540.0,8.77,4735.8
06-Jun-24,Customer A,Product 011,8.0,10.96,87.68
06-Jun-24,Customer A,Product 121,8.0,5.48,43.84
06-Jun-24,Customer A,Product 069,4.0,10.96,43.84
06-Jun-24,Customer A,Product 244,4.0,5.48,21.92
06-Jun-24,Customer A,Product 248,8.0,5.48,43.84
08-Jun-24,Customer C,Product 004,600.0,153.17,91902.0
11-Jun-24,Customer I,Product 007,22570.0,10.96,247367.2
11-Jun-24,Customer A,Product 011,10172.0,10.96,111485.12
11-Jun-24,Customer A,Product 016,7703.0,8.49,65398.47
11-Jun-24,Customer A,Product 036,1000.0,12.33,12330.0
11-Jun-24,Customer A,Product 009,3520.0,19.18,67513.6
11-Jun-24,Customer A,Product 240,16.0,5.48,87.68
11-Jun-24,Customer A,Product 099,1332.0,20.55,27372.6
11-Jun-24,Customer A,Product 010,1500.0,26.03,39045.0
11-Jun-24,Customer A,Product 101,3500.0,12.33,43155.0
11-Jun-24,Customer A,Product 121,6983.0,5.48,38266.84
11-Jun-24,Customer A,Product 034,2157.0,20.55,44326.35
11-Jun-24,Customer A,Product 112,706.0,71.24,50295.44
11-Jun-24,Customer A,Product 016,3134.0,8.49,26607.66
11-Jun-24,Customer A,Product 101,1200.0,12.33,14796.0
11-Jun-24,Customer A,Product 009,1500.0,19.18,28770.0
11-Jun-24,Customer A,Product 011,2852.0,10.96,31257.92
11-Jun-24,Customer A,Product 121,8.0,5.48,43.84
13-Jun-24,Customer G,Product 054,1000.0,133.0,133000.0
13-Jun-24,Customer G,Product 059,1000.0,122.44,122440.0
13-Jun-24,Customer D,Product 025,1200.0,96.31,115572.0
13-Jun-24,Customer D,Product 001,1400.0,108.09,151326.0
14-Jun-24,Customer C,Product 008,500.0,126.38,63190.0
14-Jun-24,Customer C,Product 018,500.0,80.62,40310.0
15-Jun-24,Customer Q,Product 134,1000.0,9.52,9520.0
15-Jun-24,Customer Q,Product 067,1000.0,33.06,33060.0
15-Jun-24,Customer Q,Product 057,1000.0,32.93,32930.0
15-Jun-24,Customer Q,Product 094,1000.0,11.48,11480.0
15-Jun-24,Customer D,Product 025,600.0,103.98,62388.0
15-Jun-24,Customer D,Product 025,400.0,96.31,38524.0
15-Jun-24,Customer D,Product 001,2000.0,108.09,216180.0
18-Jun-24,Customer C,Product 015,1000.0,84.26,84260.0
18-Jun-24,Customer C,Product 004,600.0,153.17,91902.0
19-Jun-24,Customer E,Product 035,1000.0,33.47,33470.0
19-Jun-24,Customer E,Product 024,5000.0,10.03,50150.0
19-Jun-24,Customer M,Product 040,6456.0,26.03,168049.68
20-Jun-24,Customer D,Product 001,1500.0,108.09,162135.0
20-Jun-24,Customer D,Product 025,900.0,103.98,93582.0
20-Jun-24,Customer C,Product 004,987.0,153.17,151178.79
21-Jun-24,Customer M,Product 019,12933.0,23.29,301209.57
24-Jun-24,Customer M,Product 040,4230.0,26.03,110106.9
24-Jun-24,Customer C,Product 018,600.0,80.62,48372.0
24-Jun-24,Customer C,Product 008,540.0,126.38,68245.2
24-Jun-24,Customer C,Product 234,1040.0,2.74,2849.6
28-Jun-24,Customer A,Product 011,1714.0,10.96,18785.44
28-Jun-24,Customer A,Product 010,2930.0,26.03,76267.9
28-Jun-24,Customer A,Product 101,1000.0,12.33,12330.0
28-Jun-24,Customer A,Product 099,746.0,20.55,15330.3
28-Jun-24,Customer A,Product 112,189.0,71.24,13464.36
28-Jun-24,Customer A,Product 020,59.0,21.92,1293.28
28-Jun-24,Customer A,Product 036,1485.0,12.33,18310.05
28-Jun-24,Customer A,Product 009,305.0,19.18,5849.9
28-Jun-24,Customer A,Product 138,10.0,20.55,205.5
28-Jun-24,Customer A,Product 034,2.0,20.55,41.1
29-Jun-24,Customer M,Product 019,2800.0,23.29,65212.0
04-Jul-24,Customer Q,Product 093,2000.0,10.96,21920.0
04-Jul-24,Customer Q,Product 093,2000.0,10.96,21920.0
04-Jul-24,Customer D,Product 001,400.0,108.09,43236.0
04-Jul-24,Customer N,Product 153,5.0,3425.0,17125.0
05-Jul-24,Customer Q,Product 093,1343.0,10.96,14719.28
05-Jul-24,Customer Q,Product 126,1343.0,10.96,14719.28
05-Jul-24,Customer M,Product 019,7400.0,23.29,172346.0
06-Jul-24,Customer C,Product 004,850.0,158.88,135048.0
06-Jul-24,Customer C,Product 004,600.0,158.88,95328.0
08-Jul-24,Customer D,Product 001,1600.0,108.09,172944.0
09-Jul-24,Customer G,Product 033,1000.0,312.36,312360.0
10-Jul-24,Customer 43,Product 026,1400.0,41.1,57540.0
10-Jul-24,Customer A,Product 101,1050.0,12.33,12946.5
10-Jul-24,Customer A,Product 066,4450.0,8.49,37780.5
10-Jul-24,Customer A,Product 050,1485.0,8.49,12607.65
10-Jul-24,Customer A,Product 011,1711.0,10.96,18752.56
10-Jul-24,Customer A,Product 010,2739.0,26.03,71296.17
10-Jul-24,Customer A,Product 121,5758.0,5.48,31553.84
10-Jul-24,Customer A,Product 069,4917.0,10.96,53890.32
10-Jul-24,Customer A,Product 009,800.0,19.18,15344.0
10-Jul-24,Customer A,Product 036,2000.0,12.33,24660.0
10-Jul-24,Customer A,Product 118,130.0,84.94,11042.2
10-Jul-24,Customer A,Product 181,2.0,20.55,41.1
10-Jul-24,Customer A,Product 122,24.0,8.77,210.48
10-Jul-24,Customer A,Product 163,6.0,5.48,32.88
10-Jul-24,Customer A,Product 010,522.0,26.03,13587.66
10-Jul-24,Customer A,Product 243,2.0,5.48,10.96
10-Jul-24,Customer A,Product 011,2.0,10.96,21.92
10-Jul-24,Customer A,Product 226,40.0,5.48,219.2
10-Jul-24,Customer A,Product 165,400.0,78.09,31236.0
10-Jul-24,Customer A,Product 138,1.0,20.55,20.55
10-Jul-24,Customer A,Product 206,4.0,5.48,21.92
11-Jul-24,Customer M,Product 019,2800.0,23.29,65212.0
11-Jul-24,Customer D,Product 001,2800.0,108.09,302652.0
11-Jul-24,Customer D,Product 025,20.0,103.98,2079.6
11-Jul-24,Customer D,Product 040,20000.0,1.37,27400.0
12-Jul-24,Customer Q,Product 057,1000.0,32.93,32930.0
12-Jul-24,Customer Q,Product 067,1000.0,33.06,33060.0
12-Jul-24,Customer Q,Product 094,1000.0,11.48,11480.0
12-Jul-24,Customer Q,Product 134,1000.0,8.55,8550.0
12-Jul-24,Customer A,Product 181,363.0,20.55,7459.65
12-Jul-24,Customer A,Product 122,4950.0,8.77,43411.5
12-Jul-24,Customer A,Product 010,1221.0,26.03,31782.63
12-Jul-24,Customer A,Product 011,4187.0,10.96,45889.52
12-Jul-24,Customer A,Product 237,8.0,5.48,43.84
12-Jul-24,Customer A,Product 009,5482.0,19.18,105144.76
12-Jul-24,Customer A,Product 115,490.0,95.9,46991.0
12-Jul-24,Customer A,Product 050,5940.0,8.49,50430.6
12-Jul-24,Customer A,Product 047,1104.0,21.92,24199.68
12-Jul-24,Customer A,Product 240,4.0,5.48,21.92
13-Jul-24,Customer M,Product 019,1800.0,23.29,41922.0
13-Jul-24,Customer C,Product 004,1200.0,158.88,190656.0
15-Jul-24,Customer I,Product 007,20000.0,10.96,219200.0
15-Jul-24,Customer 37,Product 202,1.0,20550.0,20550.0
16-Jul-24,Customer C,Product 004,225.0,158.88,35748.0
18-Jul-24,Customer M,Product 019,5200.0,23.29,121108.0
19-Jul-24,Customer A,Product 165,287.0,78.09,22411.83
19-Jul-24,Customer A,Product 226,1370.0,5.48,7507.6
19-Jul-24,Customer A,Product 009,1575.0,19.18,30208.5
19-Jul-24,Customer A,Product 010,1300.0,26.03,33839.0
19-Jul-24,Customer A,Product 099,2.0,20.55,41.1
19-Jul-24,Customer A,Product 020,7.0,21.92,153.44
20-Jul-24,Customer D,Product 001,3600.0,108.09,389124.0
20-Jul-24,Customer C,Product 008,1000.0,150.7,150700.0
20-Jul-24,Customer M,Product 019,4000.0,23.29,93160.0
22-Jul-24,Customer C,Product 018,1000.0,78.5,78500.0
23-Jul-24,Customer E,Product 017,1100.0,47.25,51975.0
23-Jul-24,Customer A,Product 016,8811.0,8.49,74805.39
23-Jul-24,Customer A,Product 116,11345.0,8.49,96319.05
23-Jul-24,Customer A,Product 009,1921.0,19.18,36844.78
23-Jul-24,Customer A,Product 011,3653.0,10.96,40036.88
23-Jul-24,Customer A,Product 105,2896.0,8.77,25397.92
23-Jul-24,Customer A,Product 081,2.0,64.39,128.78
23-Jul-24,Customer A,Product 102,2.0,20.55,41.1
24-Jul-24,Customer E,Product 192,1000.0,27.67,27670.0
24-Jul-24,Customer S,Product 078,15.0,4384.0,65760.0
25-Jul-24,Customer 38,Product 176,125.0,342.5,42812.5
26-Jul-24,Customer O,Product 074,1000.0,65.76,65760.0
26-Jul-24,Customer O,Product 233,1000.0,3.29,3290.0
26-Jul-24,Customer C,Product 015,1000.0,86.54,86540.0
27-Jul-24,Customer D,Product 001,1150.0,108.09,124303.5
27-Jul-24,Customer M,Product 019,2280.0,23.29,53101.2
29-Jul-24,Customer Q,Product 094,3000.0,11.48,34440.0
29-Jul-24,Customer Q,Product 134,2000.0,8.55,17100.0
29-Jul-24,Customer Q,Product 057,1000.0,32.93,32930.0
29-Jul-24,Customer Q,Product 067,1000.0,33.06,33060.0
31-Jul-24,Customer A,Product 081,436.0,64.39,28074.04
31-Jul-24,Customer A,Product 034,2124.0,20.55,43648.2
31-Jul-24,Customer A,Product 146,4.0,10.28,41.12
31-Jul-24,Customer A,Product 011,4.0,10.96,43.84
31-Jul-24,Customer A,Product 009,41.0,17.4,713.4
31-Jul-24,Customer A,Product 240,8.0,5.48,43.84
31-Jul-24,Customer M,Product 019,3000.0,23.29,69870.0
02-Aug-24,Customer E,Product 017,3500.0,47.25,165375.0
02-Aug-24,Customer E,Product 056,3000.0,30.3,90900.0
02-Aug-24,Customer E,Product 051,3000.0,32.4,97200.0
02-Aug-24,Customer E,Product 035,2400.0,33.47,80328.0
02-Aug-24,Customer E,Product 024,5000.0,10.03,50150.0
03-Aug-24,Customer O,Product 135,2000.0,8.56,17120.0
03-Aug-24,Customer M,Product 019,4000.0,23.29,93160.0
07-Aug-24,Customer M,Product 019,4000.0,23.29,93160.0
07-Aug-24,Customer S,Product 173,25.0,1849.5,46237.5
07-Aug-24,Customer S,Product 178,25.0,1575.5,39387.5
08-Aug-24,Customer E,Product 017,7000.0,45.47,318290.0
09-Aug-24,Customer M,Product 019,3600.0,23.29,83844.0
10-Aug-24,Customer M,Product 019,2200.0,23.29,51238.0
12-Aug-24,Customer E,Product 005,3000.0,45.47,136410.0
12-Aug-24,Customer C,Product 004,1200.0,158.88,190656.0
12-Aug-24,Customer S,Product 125,22.0,2740.0,60280.0
12-Aug-24,Customer S,Product 084,44.0,2466.0,108504.0
13-Aug-24,Customer K,Product 013,3330.0,17.12,57009.6
13-Aug-24,Customer A,Product 099,712.0,20.55,14631.6
13-Aug-24,Customer A,Product 047,402.0,21.92,8811.84
13-Aug-24,Customer A,Product 011,5700.0,10.96,62472.0
13-Aug-24,Customer A,Product 138,2.0,20.55,41.1
13-Aug-24,Customer A,Product 050,3787.0,8.49,32151.63
13-Aug-24,Customer A,Product 116,4951.0,8.49,42033.99
13-Aug-24,Customer A,Product 163,190.0,5.48,1041.2
13-Aug-24,Customer A,Product 066,1980.0,8.49,16810.2
13-Aug-24,Customer A,Product 036,1000.0,12.33,12330.0
13-Aug-24,Customer M,Product 019,2400.0,23.29,55896.0
14-Aug-24,Customer F,Product 006,1786.0,41.78,74619.08
14-Aug-24,Customer C,Product 004,1200.0,158.88,190656.0
17-Aug-24,Customer C,Product 004,1230.0,158.88,195422.4
19-Aug-24,Customer D,Product 001,2000.0,108.09,216180.0
20-Aug-24,Customer K,Product 013,5150.0,17.12,88168.0
20-Aug-24,Customer A,Product 085,4.0,10.96,43.84
20-Aug-24,Customer A,Product 189,2.0,20.55,41.1
20-Aug-24,Customer A,Product 137,2.0,20.55,41.1
20-Aug-24,Customer A,Product 047,4.0,21.92,87.68
20-Aug-24,Customer A,Product 237,8.0,5.48,43.84
20-Aug-24,Customer A,Product 020,1332.0,21.92,29197.44
20-Aug-24,Customer A,Product 146,3051.0,10.28,31364.28
20-Aug-24,Customer A,Product 181,2.0,20.55,41.1
20-Aug-24,Customer A,Product 036,2000.0,12.33,24660.0
20-Aug-24,Customer A,Product 146,2.0,10.28,20.56
20-Aug-24,Customer A,Product 081,642.0,64.39,41338.38
20-Aug-24,Customer A,Product 044,50.0,10.55,527.5
20-Aug-24,Customer A,Product 011,2280.0,10.96,24988.8
20-Aug-24,Customer A,Product 138,922.0,20.55,18947.1
20-Aug-24,Customer A,Product 102,1953.0,20.55,40134.15
20-Aug-24,Customer A,Product 020,966.0,21.92,21174.72
20-Aug-24,Customer A,Product 016,2016.0,8.49,17115.84
20-Aug-24,Customer A,Product 036,1150.0,12.33,14179.5
21-Aug-24,Customer 47,Product 201,10000.0,2.19,21900.0
22-Aug-24,Customer D,Product 001,2000.0,108.09,216180.0
23-Aug-24,Customer K,Product 013,5300.0,17.12,90736.0
27-Aug-24,Customer K,Product 013,5800.0,17.12,99296.0
27-Aug-24,Customer J,Product 014,350.0,68.5,23975.0
28-Aug-24,Customer D,Product 001,2700.0,108.09,291843.0
28-Aug-24,Customer J,Product 014,270.0,68.5,18495.0
29-Aug-24,Customer O,Product 164,577.0,10.55,6087.35
29-Aug-24,Customer O,Product 135,400.0,8.56,3424.0
29-Aug-24,Customer O,Product 242,24.0,5.62,134.88
29-Aug-24,Customer I,Product 007,14000.0,10.96,153440.0
29-Aug-24,Customer I,Product 161,14000.0,4.11,57540.0
29-Aug-24,Customer A,Product 016,4280.0,8.49,36337.2
29-Aug-24,Customer A,Product 036,5927.0,12.33,73079.91
29-Aug-24,Customer A,Product 020,821.0,21.92,17996.32
29-Aug-24,Customer A,Product 009,2095.0,19.18,40182.1
29-Aug-24,Customer A,Product 011,2281.0,10.96,24999.76
29-Aug-24,Customer A,Product 163,15.0,5.48,82.2
29-Aug-24,Customer A,Product 243,5.0,5.48,27.4
29-Aug-24,Customer A,Product 237,4.0,5.48,21.92
29-Aug-24,Customer A,Product 240,4.0,5.48,21.92
31-Aug-24,Customer K,Product 013,5585.0,17.12,95615.2
31-Aug-24,Customer A,Product 122,2985.0,8.77,26178.45
31-Aug-24,Customer A,Product 016,4950.0,8.49,42025.5
31-Aug-24,Customer A,Product 099,770.0,20.55,15823.5
31-Aug-24,Customer A,Product 044,5000.0,10.55,52750.0
31-Aug-24,Customer A,Product 009,2469.0,17.4,42960.6
31-Aug-24,Customer A,Product 138,1406.0,20.55,28893.3
31-Aug-24,Customer A,Product 010,1014.0,26.03,26394.42
31-Aug-24,Customer A,Product 011,4.0,10.96,43.84
31-Aug-24,Customer J,Product 014,750.0,68.5,51375.0
31-Aug-24,Customer D,Product 001,2300.0,108.09,248607.0
02-Sep-24,Customer G,Product 054,1000.0,133.0,133000.0
02-Sep-24,Customer G,Product 059,1000.0,122.44,122440.0
04-Sep-24,Customer A,Product 102,1.0,20.55,20.55
04-Sep-24,Customer A,Product 146,2.0,10.28,20.56
04-Sep-24,Customer A,Product 181,1.0,20.55,20.55
04-Sep-24,Customer A,Product 137,1.0,20.55,20.55
04-Sep-24,Customer A,Product 047,1317.0,21.92,28868.64
04-Sep-24,Customer A,Product 016,2238.0,8.49,19000.62
04-Sep-24,Customer 27,Product 088,8400.0,5.48,46032.0
04-Sep-24,Customer O,Product 053,1500.0,65.76,98640.0
04-Sep-24,Customer A,Product 137,1703.0,20.55,34996.65
04-Sep-24,Customer A,Product 146,810.0,10.28,8326.8
04-Sep-24,Customer A,Product 181,564.0,20.55,11590.2
04-Sep-24,Customer A,Product 009,4824.0,17.4,83937.6
04-Sep-24,Customer A,Product 016,2915.0,8.49,24748.35
04-Sep-24,Customer A,Product 044,3500.0,10.55,36925.0
04-Sep-24,Customer K,Product 013,6000.0,17.12,102720.0
06-Sep-24,Customer K,Product 013,6500.0,17.12,111280.0
06-Sep-24,Customer F,Product 006,1750.0,41.78,73115.0
06-Sep-24,Customer D,Product 001,3300.0,108.09,356697.0
09-Sep-24,Customer J,Product 014,800.0,68.5,54800.0
09-Sep-24,Customer J,Product 026,800.0,41.1,32880.0
10-Sep-24,Customer K,Product 013,7000.0,17.12,119840.0
11-Sep-24,Customer K,Product 013,3650.0,17.12,62488.0
11-Sep-24,Customer O,Product 072,1050.0,144.54,151767.0
11-Sep-24,Customer O,Product 110,1070.0,82.88,88681.6
12-Sep-24,Customer A,Product 085,5192.0,10.96,56904.32
12-Sep-24,Customer A,Product 047,865.0,21.92,18960.8
12-Sep-24,Customer A,Product 016,3074.0,8.49,26098.26
12-Sep-24,Customer A,Product 050,2862.0,8.49,24298.38
12-Sep-24,Customer A,Product 011,3802.0,10.96,41669.92
12-Sep-24,Customer A,Product 044,1000.0,10.55,10550.0
12-Sep-24,Customer A,Product 136,3.0,57.54,172.62
13-Sep-24,Customer K,Product 013,7400.0,17.12,126688.0
14-Sep-24,Customer K,Product 013,3750.0,17.12,64200.0
14-Sep-24,Customer D,Product 001,2000.0,108.09,216180.0
14-Sep-24,Customer J,Product 026,2674.0,41.1,109901.4
14-Sep-24,Customer J,Product 014,300.0,68.5,20550.0
17-Sep-24,Customer N,Product 153,100.0,479.5,47950.0
18-Sep-24,Customer J,Product 014,1000.0,68.5,68500.0
18-Sep-24,Customer C,Product 004,1500.0,156.69,235035.0
20-Sep-24,Customer C,Product 004,1730.0,156.69,271073.7
21-Sep-24,Customer A,Product 189,1421.0,20.55,29201.55
21-Sep-24,Customer A,Product 016,2604.0,8.49,22107.96
21-Sep-24,Customer A,Product 021,743.0,8.49,6308.07
21-Sep-24,Customer A,Product 020,2.0,21.92,43.84
24-Sep-24,Customer O,Product 135,1047.0,8.56,8962.32
24-Sep-24,Customer E,Product 071,940.0,35.33,33210.2
24-Sep-24,Customer F,Product 006,1000.0,41.78,41780.0
25-Sep-24,Customer D,Product 001,2000.0,108.09,216180.0
25-Sep-24,Customer G,Product 054,1000.0,133.0,133000.0
25-Sep-24,Customer G,Product 059,1000.0,122.44,122440.0
26-Sep-24,Customer K,Product 013,3250.0,17.12,55640.0
26-Sep-24,Customer C,Product 018,1050.0,77.65,81532.5
26-Sep-24,Customer C,Product 008,1034.0,148.62,153673.08
26-Sep-24,Customer C,Product 015,1050.0,85.42,89691.0
03-Oct-24,Customer I,Product 007,20000.0,15.07,301400.0
04-Oct-24,Customer M,Product 208,1015.0,17.12,17376.8
04-Oct-24,Customer F,Product 006,2200.0,41.78,91916.0
04-Oct-24,Customer A,Product 066,1386.0,8.49,11767.14
04-Oct-24,Customer A,Product 009,6590.0,17.4,114666.0
04-Oct-24,Customer A,Product 021,2277.0,8.49,19331.73
04-Oct-24,Customer A,Product 044,1500.0,10.55,15825.0
04-Oct-24,Customer A,Product 136,478.0,57.54,27504.12
04-Oct-24,Customer A,Product 011,3186.0,10.96,34918.56
04-Oct-24,Customer A,Product 047,7.0,21.92,153.44
04-Oct-24,Customer A,Product 163,8.0,5.48,43.84
04-Oct-24,Customer A,Product 237,8.0,5.48,43.84
05-Oct-24,Customer D,Product 001,2000.0,108.09,216180.0
09-Oct-24,Customer I,Product 007,20000.0,15.07,301400.0
10-Oct-24,Customer 41,Product 152,2090.0,31.51,65855.9
15-Oct-24,Customer A,Product 011,1908.0,10.96,20911.68
15-Oct-24,Customer A,Product 163,30.0,5.48,164.4
15-Oct-24,Customer A,Product 243,10.0,5.48,54.8
15-Oct-24,Customer A,Product 044,1000.0,10.55,10550.0
15-Oct-24,Customer A,Product 206,3218.0,5.48,17634.64
15-Oct-24,Customer A,Product 240,8.0,5.48,43.84
15-Oct-24,Customer A,Product 237,4.0,5.48,21.92
15-Oct-24,Customer A,Product 020,1.0,21.92,21.92
15-Oct-24,Customer A,Product 189,1.0,20.55,20.55
15-Oct-24,Customer A,Product 034,2.0,20.55,41.1
15-Oct-24,Customer K,Product 013,2100.0,17.12,35952.0
16-Oct-24,Customer K,Product 013,3100.0,17.12,53072.0
17-Oct-24,Customer F,Product 117,2500.0,53.98,134950.0
17-Oct-24,Customer O,Product 053,1080.0,65.76,71020.8
17-Oct-24,Customer O,Product 074,1130.0,65.76,74308.8
17-Oct-24,Customer K,Product 013,2800.0,17.12,47936.0
17-Oct-24,Customer D,Product 001,2000.0,108.09,216180.0
19-Oct-24,Customer S,Product 125,15.0,2740.0,41100.0
19-Oct-24,Customer S,Product 084,6.0,2466.0,14796.0
19-Oct-24,Customer K,Product 013,8000.0,17.12,136960.0
19-Oct-24,Customer A,Product 011,4287.0,10.96,46985.52
19-Oct-24,Customer A,Product 066,13503.0,8.49,114640.47
19-Oct-24,Customer A,Product 021,15989.0,8.49,135746.61
19-Oct-24,Customer A,Product 136,570.0,57.54,32797.8
19-Oct-24,Customer A,Product 009,3750.0,17.4,65250.0
19-Oct-24,Customer A,Product 034,1440.0,20.55,29592.0
19-Oct-24,Customer A,Product 020,1741.0,21.92,38162.72
19-Oct-24,Customer A,Product 121,8.0,5.48,43.84
22-Oct-24,Customer E,Product 061,1000.0,35.14,35140.0
22-Oct-24,Customer E,Product 071,2641.0,36.58,96607.78
22-Oct-24,Customer E,Product 035,1000.0,35.14,35140.0
23-Oct-24,Customer S,Product 125,7.0,2740.0,19180.0
23-Oct-24,Customer S,Product 084,38.0,2466.0,93708.0
24-Oct-24,Customer I,Product 007,20000.0,15.07,301400.0
24-Oct-24,Customer A,Product 020,875.0,21.92,19180.0
24-Oct-24,Customer A,Product 047,970.0,21.92,21262.4
24-Oct-24,Customer A,Product 016,2925.0,8.49,24833.25
24-Oct-24,Customer A,Product 009,2385.0,17.4,41499.0
24-Oct-24,Customer A,Product 181,2.0,20.55,41.1
24-Oct-24,Customer K,Product 013,3291.0,17.12,56341.92
26-Oct-24,Customer F,Product 006,2160.0,41.78,90244.8
26-Oct-24,Customer K,Product 013,2100.0,17.12,35952.0
26-Oct-24,Customer A,Product 010,893.0,26.03,23244.79
26-Oct-24,Customer A,Product 020,1164.0,21.92,25514.88
26-Oct-24,Customer A,Product 206,8.0,5.48,43.84
28-Oct-24,Customer A,Product 011,3149.0,10.96,34513.04
28-Oct-24,Customer A,Product 020,1312.0,21.92,28759.04
29-Oct-24,Customer O,Product 135,1012.0,8.56,8662.72
29-Oct-24,Customer K,Product 013,3200.0,17.12,54784.0
30-Oct-24,Customer A,Product 009,1188.0,9.59,11392.92
30-Oct-24,Customer A,Product 010,860.0,13.02,11197.2
31-Oct-24,Customer N,Product 064,1.0,328800.0,328800.0
31-Oct-24,Customer K,Product 013,3200.0,17.12,54784.0
31-Oct-24,Customer N,Product 042,2.0,260300.0,520600.0
31-Oct-24,Customer N,Product 065,3.0,109600.0,328800.0
04-Nov-24,Customer 32,Product 082,500.0,198.65,99325.0
06-Nov-24,Customer K,Product 013,9400.0,17.12,160928.0
06-Nov-24,Customer A,Product 011,2380.0,10.96,26084.8
06-Nov-24,Customer A,Product 016,2475.0,8.49,21012.75
06-Nov-24,Customer A,Product 016,1198.0,8.49,10171.02
06-Nov-24,Customer A,Product 050,30.0,8.49,254.7
06-Nov-24,Customer J,Product 014,561.0,68.5,38428.5
08-Nov-24,Customer N,Product 106,1.0,171250.0,171250.0
08-Nov-24,Customer N,Product 090,1.0,205500.0,205500.0
09-Nov-24,Customer K,Product 013,4200.0,17.12,71904.0
09-Nov-24,Customer E,Product 061,1000.0,34.88,34880.0
09-Nov-24,Customer E,Product 035,600.0,34.88,20928.0
09-Nov-24,Customer E,Product 156,600.0,55.44,33264.0
09-Nov-24,Customer E,Product 182,1000.0,34.88,34880.0
11-Nov-24,Customer 28,Product 075,500.0,50.69,25345.0
13-Nov-24,Customer 28,Product 075,500.0,50.69,25345.0
13-Nov-24,Customer C,Product 004,2200.0,156.69,344718.0
15-Nov-24,Customer 28,Product 075,500.0,50.69,25345.0
18-Nov-24,Customer 28,Product 075,1000.0,50.69,50690.0
18-Nov-24,Customer E,Product 071,2774.0,36.44,101084.56
18-Nov-24,Customer A,Product 011,2861.0,10.96,31356.56
18-Nov-24,Customer A,Product 047,2.0,21.92,43.84
18-Nov-24,Customer A,Product 240,9.0,5.48,49.32
18-Nov-24,Customer A,Product 163,1.0,5.48,5.48
18-Nov-24,Customer A,Product 237,1.0,5.48,5.48
18-Nov-24,Customer A,Product 020,1.0,21.92,21.92
18-Nov-24,Customer A,Product 034,1.0,20.55,20.55
18-Nov-24,Customer A,Product 206,1.0,5.48,5.48
18-Nov-24,Customer A,Product 181,1.0,20.55,20.55
18-Nov-24,Customer A,Product 118,2.0,84.94,169.88
18-Nov-24,Customer O,Product 135,1000.0,8.56,8560.0
19-Nov-24,Customer K,Product 037,2000.0,17.12,34240.0
20-Nov-24,Customer K,Product 037,2400.0,17.12,41088.0
21-Nov-24,Customer D,Product 001,5.0,108.09,540.45
21-Nov-24,Customer K,Product 037,3200.0,17.12,54784.0
21-Nov-24,Customer A,Product 011,6969.0,10.96,76380.24
21-Nov-24,Customer A,Product 021,7564.0,8.49,64218.36
21-Nov-24,Customer A,Product 034,2340.0,20.55,48087.0
21-Nov-24,Customer A,Product 016,5268.0,8.49,44725.32
21-Nov-24,Customer A,Product 101,1250.0,12.33,15412.5
21-Nov-24,Customer A,Product 047,1442.0,21.92,31608.64
21-Nov-24,Customer A,Product 020,1164.0,21.92,25514.88
21-Nov-24,Customer A,Product 036,4000.0,12.33,49320.0
21-Nov-24,Customer A,Product 237,8.0,5.48,43.84
21-Nov-24,Customer A,Product 244,4.0,5.48,21.92
22-Nov-24,Customer K,Product 037,3200.0,17.12,54784.0
23-Nov-24,Customer K,Product 037,3200.0,17.12,54784.0
25-Nov-24,Customer D,Product 001,5.0,108.09,540.45
25-Nov-24,Customer D,Product 001,3400.0,108.09,367506.0
25-Nov-24,Customer N,Product 241,90.0,10.96,986.4
25-Nov-24,Customer N,Product 198,31.0,130.15,4034.65
25-Nov-24,Customer N,Product 231,2.0,2740.0,5480.0
25-Nov-24,Customer A,Product 069,4.0,10.96,43.84
25-Nov-24,Customer A,Product 181,800.0,20.55,16440.0
25-Nov-24,Customer A,Product 009,5093.0,17.4,88618.2
25-Nov-24,Customer A,Product 020,465.0,21.92,10192.8
25-Nov-24,Customer A,Product 121,5190.0,5.48,28441.2
25-Nov-24,Customer A,Product 010,712.0,26.03,18533.36
29-Nov-24,Customer A,Product 020,2781.0,21.92,60959.52
29-Nov-24,Customer A,Product 036,2500.0,12.33,30825.0
29-Nov-24,Customer A,Product 122,2985.0,8.77,26178.45
29-Nov-24,Customer A,Product 016,16263.0,8.49,138072.87
29-Nov-24,Customer A,Product 034,490.0,20.55,10069.5
29-Nov-24,Customer A,Product 118,623.0,84.94,52917.62
29-Nov-24,Customer A,Product 105,3140.0,8.77,27537.8
29-Nov-24,Customer A,Product 010,2034.0,26.03,52945.02
29-Nov-24,Customer A,Product 069,1.0,10.96,10.96
29-Nov-24,Customer A,Product 047,1.0,21.92,21.92
29-Nov-24,Customer A,Product 010,510.0,13.02,6640.2
29-Nov-24,Customer K,Product 037,500.0,17.12,8560.0
30-Nov-24,Customer J,Product 014,800.0,68.5,54800.0
30-Nov-24,Customer K,Product 037,2400.0,17.12,41088.0
30-Nov-24,Customer 27,Product 103,1.0,178100.0,178100.0
30-Nov-24,Customer C,Product 203,1.0,20550.0,20550.0
30-Nov-24,Customer O,Product 177,1.0,41100.0,41100.0
30-Nov-24,Customer 28,Product 075,1000.0,50.69,50690.0
30-Nov-24,Customer F,Product 006,3300.0,41.78,137874.0
02-Dec-24,Customer K,Product 037,3600.0,17.12,61632.0
02-Dec-24,Customer N,Product 230,300.0,20.89,6267.0
02-Dec-24,Customer N,Product 228,300.0,23.7,7110.0
02-Dec-24,Customer F,Product 006,1500.0,41.78,62670.0
03-Dec-24,Customer A,Product 069,4981.0,10.96,54591.76
03-Dec-24,Customer A,Product 010,972.0,26.03,25301.16
03-Dec-24,Customer K,Product 037,4000.0,17.12,68480.0
05-Dec-24,Customer K,Product 037,2000.0,17.12,34240.0
05-Dec-24,Customer K,Product 037,2000.0,17.12,34240.0
05-Dec-24,Customer 28,Product 075,1500.0,50.69,76035.0
07-Dec-24,Customer D,Product 001,2000.0,108.09,216180.0
07-Dec-24,Customer F,Product 006,3500.0,41.78,146230.0
10-Dec-24,Customer Y,Product 077,3980.0,25.35,100893.0
11-Dec-24,Customer E,Product 167,1000.0,16.03,16030.0
11-Dec-24,Customer E,Product 035,1800.0,34.88,62784.0
13-Dec-24,Customer A,Product 010,1000.0,26.03,26030.0
13-Dec-24,Customer A,Product 020,2.0,21.92,43.84
13-Dec-24,Customer D,Product 001,2000.0,108.09,216180.0
18-Dec-24,Customer K,Product 037,6541.0,17.12,111981.92
19-Dec-24,Customer C,Product 004,1340.0,152.34,204135.6
20-Dec-24,Customer C,Product 004,800.0,152.34,121872.0
21-Dec-24,Customer A,Product 016,2475.0,8.49,21012.75
21-Dec-24,Customer A,Product 132,5594.0,8.49,47493.06
21-Dec-24,Customer A,Product 036,1000.0,12.33,12330.0
21-Dec-24,Customer A,Product 010,1300.0,26.03,33839.0
21-Dec-24,Customer A,Product 020,1455.0,21.92,31893.6
21-Dec-24,Customer A,Product 047,2391.0,21.92,52410.72
21-Dec-24,Customer A,Product 146,2.0,10.28,20.56
21-Dec-24,Customer A,Product 115,2.0,95.9,191.8
23-Dec-24,Customer D,Product 001,1720.0,108.09,185914.8
27-Dec-24,Customer A,Product 020,2.0,21.92,43.84
27-Dec-24,Customer A,Product 021,9237.0,8.49,78422.13
27-Dec-24,Customer A,Product 009,3500.0,17.4,60900.0
27-Dec-24,Customer A,Product 240,11.0,5.48,60.28
27-Dec-24,Customer A,Product 247,6.0,8.77,52.62
27-Dec-24,Customer A,Product 034,2.0,20.55,41.1
30-Dec-24,Customer 51,Product 218,30.0,328.8,9864.0
31-Dec-24,Customer A,Product 011,3339.0,10.96,36595.44
31-Dec-24,Customer A,Product 101,1250.0,12.33,15412.5
31-Dec-24,Customer A,Product 009,3462.0,19.18,66401.16
31-Dec-24,Customer A,Product 010,1615.0,26.03,42038.45
31-Dec-24,Customer A,Product 009,116.0,9.59,1112.44
31-Dec-24,Customer F,Product 006,1505.0,41.78,62878.9
31-Dec-24,Customer D,Product 001,1800.0,108.09,194562.0
03-Jan-25,Customer A,Product 115,750.0,95.9,71925.0
03-Jan-25,Customer A,Product 010,1490.0,26.03,38784.7
03-Jan-25,Customer A,Product 163,2380.0,5.48,13042.4
03-Jan-25,Customer A,Product 020,1461.0,21.92,32025.12
03-Jan-25,Customer A,Product 102,1.0,20.55,20.55
03-Jan-25,Customer A,Product 240,4.0,5.48,21.92
03-Jan-25,Customer A,Product 034,1.0,20.55,20.55
03-Jan-25,Customer A,Product 226,22.0,5.48,120.56
04-Jan-25,Customer W,Product 063,1020.0,113.3,115566.0
04-Jan-25,Customer W,Product 097,640.0,115.77,74092.8
04-Jan-25,Customer W,Product 145,680.0,40.83,27764.4
06-Jan-25,Customer 38,Product 143,250.0,328.8,82200.0
08-Jan-25,Customer D,Product 001,2000.0,108.09,216180.0
09-Jan-25,Customer O,Product 135,1017.0,8.56,8705.52
09-Jan-25,Customer G,Product 027,1000.0,128.3,128300.0
09-Jan-25,Customer G,Product 028,1000.0,76.58,76580.0
09-Jan-25,Customer G,Product 058,1000.0,50.55,50550.0
10-Jan-25,Customer E,Product 005,4300.0,49.74,213882.0
11-Jan-25,Customer J,Product 014,1000.0,68.5,68500.0
11-Jan-25,Customer J,Product 026,1000.0,41.1,41100.0
15-Jan-25,Customer C,Product 004,600.0,152.34,91404.0
15-Jan-25,Customer C,Product 015,1000.0,83.2,83200.0
15-Jan-25,Customer A,Product 009,1385.0,19.18,26564.3
15-Jan-25,Customer A,Product 047,60.0,21.92,1315.2
15-Jan-25,Customer A,Product 010,1204.0,26.03,31340.12
15-Jan-25,Customer A,Product 020,1263.0,21.92,27684.96
15-Jan-25,Customer A,Product 016,2475.0,8.49,21012.75
15-Jan-25,Customer A,Product 188,4.0,20.55,82.2
16-Jan-25,Customer E,Product 035,2200.0,35.07,77154.0
16-Jan-25,Customer E,Product 061,1000.0,35.07,35070.0
16-Jan-25,Customer E,Product 005,1700.0,49.74,84558.0
16-Jan-25,Customer E,Product 024,3000.0,11.18,33540.0
16-Jan-25,Customer C,Product 004,1000.0,152.34,152340.0
17-Jan-25,Customer A,Product 163,2401.0,5.48,13157.48
17-Jan-25,Customer A,Product 010,2470.0,26.03,64294.1
17-Jan-25,Customer A,Product 034,1538.0,20.55,31605.9
17-Jan-25,Customer A,Product 020,3648.0,21.92,79964.16
17-Jan-25,Customer A,Product 036,565.0,12.33,6966.45
17-Jan-25,Customer A,Product 146,4.0,10.28,41.12
18-Jan-25,Customer J,Product 026,750.0,41.1,30825.0
18-Jan-25,Customer J,Product 014,785.0,68.5,53772.5
18-Jan-25,Customer C,Product 111,1046.0,144.45,151094.7
18-Jan-25,Customer C,Product 004,510.0,152.34,77693.4
20-Jan-25,Customer 34,Product 155,110.0,572.66,62992.6
20-Jan-25,Customer 34,Product 149,127.0,549.37,69769.99
20-Jan-25,Customer 34,Product 191,213.0,131.52,28013.76
20-Jan-25,Customer 34,Product 213,209.0,58.22,12167.98
20-Jan-25,Customer 34,Product 198,20.0,1027.5,20550.0
21-Jan-25,Customer E,Product 024,3700.0,11.18,41366.0
24-Jan-25,Customer D,Product 001,915.0,108.09,98902.35
25-Jan-25,Customer Q,Product 093,3265.0,17.81,58149.65
25-Jan-25,Customer C,Product 018,1071.0,75.95,81342.45
29-Jan-25,Customer X,Product 049,1.0,424700.0,424700.0
31-Jan-25,Customer A,Product 036,2500.0,12.33,30825.0
31-Jan-25,Customer A,Product 010,1300.0,26.03,33839.0
31-Jan-25,Customer A,Product 239,190.0,8.49,1613.1
31-Jan-25,Customer A,Product 011,4.0,10.96,43.84
31-Jan-25,Customer A,Product 034,2.0,20.55,41.1
01-Feb-25,Customer E,Product 005,7000.0,48.96,342720.0
01-Feb-25,Customer E,Product 035,1000.0,35.07,35070.0
01-Feb-25,Customer E,Product 167,1000.0,17.6,17600.0
01-Feb-25,Customer E,Product 024,6900.0,11.18,77142.0
04-Feb-25,Customer E,Product 024,3100.0,11.18,34658.0
04-Feb-25,Customer E,Product 087,508.0,27.4,13919.2
04-Feb-25,Customer A,Product 102,1050.0,20.55,21577.5
04-Feb-25,Customer A,Product 188,109.0,20.55,2239.95
04-Feb-25,Customer A,Product 146,3706.0,10.28,38097.68
04-Feb-25,Customer A,Product 034,507.0,20.55,10418.85
04-Feb-25,Customer A,Product 209,300.0,10.96,3288.0
04-Feb-25,Customer A,Product 011,1430.0,10.96,15672.8
04-Feb-25,Customer A,Product 016,2475.0,8.49,21012.75
04-Feb-25,Customer 50,Product 211,92.0,143.85,13234.2
04-Feb-25,Customer X,Product 159,576.0,82.2,47347.2
04-Feb-25,Customer X,Product 158,576.0,82.2,47347.2
04-Feb-25,Customer X,Product 175,432.0,82.2,35510.4
04-Feb-25,Customer X,Product 174,432.0,82.2,35510.4
05-Feb-25,Customer F,Product 043,1.0,20550.0,20550.0
05-Feb-25,Customer F,Product 151,101.76,301.4,30670.46
05-Feb-25,Customer F,Product 043,2.0,13700.0,27400.0
05-Feb-25,Customer F,Product 151,42.0,301.4,12658.8
05-Feb-25,Customer F,Product 043,1.0,13700.0,13700.0
05-Feb-25,Customer F,Product 151,13.72,301.4,4135.21
05-Feb-25,Customer F,Product 043,1.0,13700.0,13700.0
05-Feb-25,Customer F,Product 151,10.43,301.4,3143.6
05-Feb-25,Customer F,Product 043,2.0,13700.0,27400.0
05-Feb-25,Customer F,Product 045,55.0,818.03,44991.65
05-Feb-25,Customer F,Product 045,5.0,191.25,956.25
05-Feb-25,Customer F,Product 045,15.0,111.79,1676.85
06-Feb-25,Customer 36,Product 109,110.0,205.5,22605.0
07-Feb-25,Customer C,Product 004,1000.0,152.34,152340.0
08-Feb-25,Customer C,Product 004,850.0,152.34,129489.0
10-Feb-25,Customer O,Product 135,841.0,8.56,7198.96
10-Feb-25,Customer E,Product 087,1022.0,27.4,28002.8
11-Feb-25,Customer C,Product 004,1850.0,152.34,281829.0
12-Feb-25,Customer O,Product 080,1024.0,123.3,126259.2
14-Feb-25,Customer R,Product 187,20.0,1644.0,32880.0
14-Feb-25,Customer R,Product 186,20.0,1644.0,32880.0
14-Feb-25,Customer R,Product 196,10.0,2466.0,24660.0
14-Feb-25,Customer R,Product 197,10.0,2466.0,24660.0
14-Feb-25,Customer 29,Product 043,6.0,27400.0,164400.0
14-Feb-25,Customer 29,Product 216,35.75,278.8,9967.1
15-Feb-25,Customer E,Product 147,1300.0,58.42,75946.0
15-Feb-25,Customer E,Product 128,1000.0,27.13,27130.0
15-Feb-25,Customer E,Product 005,370.0,49.74,18403.8
15-Feb-25,Customer E,Product 035,140.0,35.07,4909.8
15-Feb-25,Customer F,Product 043,2.0,13700.0,27400.0
15-Feb-25,Customer F,Product 151,6.12,301.4,1844.57
15-Feb-25,Customer F,Product 151,6.3,301.4,1898.82
17-Feb-25,Customer R,Product 166,6.0,8905.0,53430.0
17-Feb-25,Customer R,Product 150,18.0,3836.0,69048.0
20-Feb-25,Customer 27,Product 088,8500.0,5.48,46580.0
21-Feb-25,Customer E,Product 051,3000.0,35.83,107490.0
21-Feb-25,Customer E,Product 056,3000.0,33.7,101100.0
21-Feb-25,Customer 36,Product 109,25.0,205.5,5137.5
21-Feb-25,Customer A,Product 209,220.0,10.96,2411.2
21-Feb-25,Customer A,Product 011,7006.0,10.96,76785.76
21-Feb-25,Customer A,Product 010,725.0,26.03,18871.75
21-Feb-25,Customer A,Product 034,1978.0,20.55,40647.9
21-Feb-25,Customer A,Product 163,6.0,5.48,32.88
21-Feb-25,Customer A,Product 243,2.0,5.48,10.96
21-Feb-25,Customer A,Product 066,2495.0,8.49,21182.55
21-Feb-25,Customer A,Product 050,992.0,8.49,8422.08
21-Feb-25,Customer A,Product 139,732.0,21.92,16045.44
21-Feb-25,Customer A,Product 020,2.0,21.92,43.84
21-Feb-25,Customer D,Product 001,950.0,123.3,117135.0
25-Feb-25,Customer R,Product 222,3.0,3151.0,9453.0
25-Feb-25,Customer R,Product 221,3.0,3151.0,9453.0
25-Feb-25,Customer A,Product 016,8946.0,8.49,75951.54
25-Feb-25,Customer A,Product 050,1237.0,8.49,10502.13
28-Feb-25,Customer D,Product 001,1010.0,123.3,124533.0
28-Feb-25,Customer F,Product 045,50.0,818.03,40901.5
04-Mar-25,Customer C,Product 008,1000.0,144.45,144450.0
04-Mar-25,Customer C,Product 018,1000.0,75.95,75950.0
04-Mar-25,Customer C,Product 015,1000.0,83.2,83200.0
05-Mar-25,Customer D,Product 001,1040.0,123.3,128232.0
05-Mar-25,Customer C,Product 004,1000.0,152.34,152340.0
05-Mar-25,Customer A,Product 085,3502.0,10.96,38381.92
05-Mar-25,Customer A,Product 020,2082.0,21.92,45637.44
05-Mar-25,Customer A,Product 016,5850.0,8.49,49666.5
05-Mar-25,Customer A,Product 050,4016.0,8.49,34095.84
05-Mar-25,Customer A,Product 069,4.0,10.96,43.84
10-Mar-25,Customer A,Product 020,1477.0,21.92,32375.84
10-Mar-25,Customer A,Product 016,4840.0,8.49,41091.6
10-Mar-25,Customer A,Product 010,1167.0,26.03,30377.01
10-Mar-25,Customer A,Product 009,3746.0,19.18,71848.28
10-Mar-25,Customer A,Product 240,12.0,5.48,65.76
10-Mar-25,Customer A,Product 121,8.0,5.48,43.84
11-Mar-25,Customer E,Product 005,4700.0,49.31,231757.0
11-Mar-25,Customer E,Product 024,5600.0,11.14,62384.0
11-Mar-25,Customer E,Product 061,1000.0,34.74,34740.0
11-Mar-25,Customer E,Product 035,1000.0,34.74,34740.0
11-Mar-25,Customer D,Product 001,1000.0,123.3,123300.0
12-Mar-25,Customer 44,Product 043,1.0,13700.0,13700.0
12-Mar-25,Customer 44,Product 151,18.93,301.4,5705.5
12-Mar-25,Customer 44,Product 151,0.69,301.4,207.97
13-Mar-25,Customer E,Product 005,1100.0,49.31,54241.0
14-Mar-25,Customer J,Product 014,1000.0,68.5,68500.0
15-Mar-25,Customer J,Product 026,1000.0,41.1,41100.0
15-Mar-25,Customer O,Product 135,864.0,8.56,7395.84
15-Mar-25,Customer O,Product 164,639.0,10.55,6741.45
15-Mar-25,Customer C,Product 004,750.0,152.34,114255.0
17-Mar-25,Customer E,Product 087,1130.0,27.4,30962.0
18-Mar-25,Customer C,Product 004,550.0,152.34,83787.0
18-Mar-25,Customer D,Product 001,1200.0,123.3,147960.0
19-Mar-25,Customer 44,Product 043,1.0,13700.0,13700.0
19-Mar-25,Customer 44,Product 151,27.3,301.4,8228.22
19-Mar-25,Customer 44,Product 238,50.0,34.25,1712.5
21-Mar-25,Customer C,Product 004,920.0,152.34,140152.8
22-Mar-25,Customer J,Product 026,1027.0,41.1,42209.7
22-Mar-25,Customer J,Product 014,1027.0,68.5,70349.5
26-Mar-25,Customer D,Product 001,1000.0,123.3,123300.0
26-Mar-25,Customer A,Product 121,4726.0,5.48,25898.48
26-Mar-25,Customer A,Product 016,3370.0,8.49,28611.3
26-Mar-25,Customer A,Product 036,620.0,12.33,7644.6
26-Mar-25,Customer A,Product 010,3798.0,26.03,98861.94
26-Mar-25,Customer A,Product 069,4018.0,10.96,44037.28
26-Mar-25,Customer A,Product 136,2.0,57.54,115.08
26-Mar-25,Customer A,Product 010,1772.0,13.02,23071.44
26-Mar-25,Customer A,Product 011,1.0,10.96,10.96
26-Mar-25,Customer A,Product 085,1.0,10.96,10.96
26-Mar-25,Customer A,Product 163,1.0,5.48,5.48
28-Mar-25,Customer G,Product 027,1000.0,116.59,116590.0
28-Mar-25,Customer G,Product 028,1000.0,116.59,116590.0
28-Mar-25,Customer G,Product 058,1000.0,53.51,53510.0
29-Mar-25,Customer C,Product 008,1200.0,144.45,173340.0
29-Mar-25,Customer C,Product 018,1000.0,75.95,75950.0
29-Mar-25,Customer C,Product 015,400.0,83.2,33280.0
02-Apr-25,Customer D,Product 001,1050.0,123.3,129465.0
03-Apr-25,Customer C,Product 015,600.0,83.2,49920.0
04-Apr-25,Customer A,Product 136,700.0,57.54,40278.0
04-Apr-25,Customer A,Product 009,3150.0,19.18,60417.0
04-Apr-25,Customer A,Product 010,560.0,26.03,14576.8
04-Apr-25,Customer A,Product 206,8.0,5.48,43.84
04-Apr-25,Customer A,Product 236,2.0,20.55,41.1
05-Apr-25,Customer O,Product 135,781.0,8.56,6685.36
05-Apr-25,Customer O,Product 164,375.0,10.55,3956.25
07-Apr-25,Customer J,Product 014,900.0,68.5,61650.0
07-Apr-25,Customer D,Product 001,1050.0,123.3,129465.0
10-Apr-25,Customer O,Product 080,874.0,123.3,107764.2
11-Apr-25,Customer J,Product 026,1080.0,41.1,44388.0
14-Apr-25,Customer D,Product 001,1050.0,123.3,129465.0
16-Apr-25,Customer E,Product 061,1100.0,34.74,38214.0
16-Apr-25,Customer E,Product 024,3600.0,11.14,40104.0
16-Apr-25,Customer E,Product 005,4000.0,49.31,197240.0
18-Apr-25,Customer J,Product 014,800.0,68.5,54800.0
18-Apr-25,Customer J,Product 026,620.0,41.1,25482.0
19-Apr-25,Customer F,Product 045,25.0,818.03,20450.75
19-Apr-25,Customer D,Product 001,900.0,123.3,110970.0
22-Apr-25,Customer 30,Product 079,29.0,561.7,16289.3
22-Apr-25,Customer 30,Product 079,41.0,561.7,23029.7
22-Apr-25,Customer A,Product 240,18.0,5.48,98.64
22-Apr-25,Customer A,Product 011,4519.0,10.96,49528.24
22-Apr-25,Customer A,Product 036,2145.0,12.33,26447.85
22-Apr-25,Customer A,Product 010,1000.0,26.03,26030.0
22-Apr-25,Customer A,Product 009,1570.0,19.18,30112.6
22-Apr-25,Customer A,Product 021,3880.0,8.49,32941.2
22-Apr-25,Customer A,Product 034,3.0,20.55,61.65
22-Apr-25,Customer A,Product 245,12.0,5.48,65.76
22-Apr-25,Customer A,Product 237,12.0,5.48,65.76
22-Apr-25,Customer A,Product 236,100.0,20.55,2055.0
23-Apr-25,Customer C,Product 004,650.0,152.34,99021.0
24-Apr-25,Customer C,Product 004,295.0,152.34,44940.3
25-Apr-25,Customer A,Product 194,2.0,20.55,41.1
25-Apr-25,Customer A,Product 047,2.0,21.92,43.84
25-Apr-25,Customer A,Product 010,850.0,26.03,22125.5
25-Apr-25,Customer A,Product 011,2379.0,10.96,26073.84
25-Apr-25,Customer A,Product 036,1170.0,12.33,14426.1
26-Apr-25,Customer D,Product 001,1050.0,123.3,129465.0
29-Apr-25,Customer C,Product 015,1000.0,83.2,83200.0
29-Apr-25,Customer C,Product 008,1000.0,144.45,144450.0
29-Apr-25,Customer C,Product 018,1000.0,75.95,75950.0
30-Apr-25,Customer D,Product 001,1000.0,123.3,123300.0
02-May-25,Customer F,Product 045,30.0,818.03,24540.9
05-May-25,Customer R,Product 170,5.0,9590.0,47950.0
05-May-25,Customer R,Product 171,5.0,9590.0,47950.0
05-May-25,Customer 29,Product 154,250.0,257.56,64390.0
06-May-25,Customer 36,Product 109,270.0,301.4,81378.0
08-May-25,Customer D,Product 001,1050.0,123.3,129465.0
10-May-25,Customer A,Product 011,2954.0,10.96,32375.84
10-May-25,Customer A,Product 194,1206.0,20.55,24783.3
10-May-25,Customer A,Product 020,2.0,21.92,43.84
10-May-25,Customer A,Product 034,75.0,20.55,1541.25
10-May-25,Customer A,Product 066,3980.0,8.49,33790.2
10-May-25,Customer A,Product 069,4.0,10.96,43.84
10-May-25,Customer A,Product 244,6.0,5.48,32.88
10-May-25,Customer A,Product 085,4.0,10.96,43.84
10-May-25,Customer A,Product 044,2500.0,10.55,26375.0
10-May-25,Customer A,Product 009,2299.0,19.18,44094.82
10-May-25,Customer A,Product 047,1570.0,21.92,34414.4
10-May-25,Customer A,Product 009,114.0,9.59,1093.26
10-May-25,Customer A,Product 240,8.0,5.48,43.84
12-May-25,Customer J,Product 014,250.0,68.5,17125.0
13-May-25,Customer D,Product 001,980.0,123.3,120834.0
14-May-25,Customer E,Product 200,1000.0,22.5,22500.0
14-May-25,Customer E,Product 144,1000.0,79.32,79320.0
14-May-25,Customer E,Product 035,1000.0,34.74,34740.0
14-May-25,Customer E,Product 005,1800.0,49.31,88758.0
14-May-25,Customer L,Product 031,3860.0,16.44,63458.4
15-May-25,Customer O,Product 135,818.0,8.56,7002.08
15-May-25,Customer J,Product 014,850.0,68.5,58225.0
15-May-25,Customer J,Product 026,500.0,41.1,20550.0
15-May-25,Customer L,Product 031,700.0,16.44,11508.0
16-May-25,Customer L,Product 031,2120.0,16.44,34852.8
16-May-25,Customer F,Product 045,100.0,818.03,81803.0
19-May-25,Customer L,Product 023,1530.0,23.98,36689.4
19-May-25,Customer L,Product 023,1020.0,23.98,24459.6
21-May-25,Customer J,Product 014,600.0,68.5,41100.0
21-May-25,Customer J,Product 026,1200.0,41.1,49320.0
21-May-25,Customer L,Product 023,1800.0,23.98,43164.0
22-May-25,Customer E,Product 024,6600.0,11.01,72666.0
22-May-25,Customer E,Product 005,4300.0,46.43,199649.0
22-May-25,Customer A,Product 011,3634.0,10.96,39828.64
22-May-25,Customer A,Product 044,1615.0,12.33,19912.95
22-May-25,Customer A,Product 009,1996.0,19.18,38283.28
22-May-25,Customer A,Product 010,870.0,26.03,22646.1
22-May-25,Customer A,Product 009,224.0,9.59,2148.16
22-May-25,Customer A,Product 010,220.0,13.02,2864.4
22-May-25,Customer L,Product 023,1800.0,23.98,43164.0
23-May-25,Customer L,Product 023,1520.0,23.98,36449.6
24-May-25,Customer R,Product 091,100.0,2055.0,205500.0
24-May-25,Customer R,Product 092,100.0,2055.0,205500.0
24-May-25,Customer F,Product 045,100.0,818.03,81803.0
27-May-25,Customer L,Product 031,3070.0,16.44,50470.8
27-May-25,Customer L,Product 023,1450.0,23.98,34771.0
27-May-25,Customer A,Product 020,3470.0,21.92,76062.4
27-May-25,Customer A,Product 011,2375.0,10.96,26030.0
27-May-25,Customer A,Product 122,1485.0,8.77,13023.45
27-May-25,Customer A,Product 081,2.0,64.39,128.78
27-May-25,Customer A,Product 127,4.0,13.97,55.88
28-May-25,Customer Q,Product 093,3565.0,10.96,39072.4
28-May-25,Customer Q,Product 126,3564.0,10.96,39061.44
28-May-25,Customer L,Product 031,2120.0,16.44,34852.8
29-May-25,Customer L,Product 031,4004.0,16.44,65825.76
30-May-25,Customer L,Product 031,3440.0,16.44,56553.6
30-May-25,Customer L,Product 023,24.0,23.98,575.52
30-May-25,Customer C,Product 015,1000.0,91.28,91280.0
30-May-25,Customer C,Product 004,1717.0,152.34,261567.78
30-May-25,Customer A,Product 034,1870.0,20.55,38428.5
30-May-25,Customer A,Product 021,2770.0,8.49,23517.3
30-May-25,Customer A,Product 036,1400.0,12.33,17262.0
30-May-25,Customer A,Product 010,3435.0,26.03,89413.05
30-May-25,Customer A,Product 139,2.0,21.92,43.84
30-May-25,Customer A,Product 009,1480.0,19.18,28386.4
02-Jun-25,Customer L,Product 023,1500.0,23.98,35970.0
03-Jun-25,Customer L,Product 023,621.0,23.98,14891.58
04-Jun-25,Customer E,Product 087,500.0,27.4,13700.0
04-Jun-25,Customer C,Product 008,1000.0,159.55,159550.0
04-Jun-25,Customer C,Product 018,1000.0,82.12,82120.0
04-Jun-25,Customer G,Product 027,1000.0,115.08,115080.0
04-Jun-25,Customer G,Product 028,1000.0,115.08,115080.0
04-Jun-25,Customer G,Product 058,1000.0,52.06,52060.0
06-Jun-25,Customer A,Product 085,3946.0,10.96,43248.16
06-Jun-25,Customer A,Product 021,3575.0,8.49,30351.75
06-Jun-25,Customer A,Product 044,700.0,12.33,8631.0
06-Jun-25,Customer A,Product 069,5089.0,10.96,55775.44
06-Jun-25,Customer A,Product 010,1500.0,26.03,39045.0
06-Jun-25,Customer A,Product 139,2.0,21.92,43.84
06-Jun-25,Customer A,Product 101,1015.0,12.33,12514.95
06-Jun-25,Customer A,Product 237,8.0,5.48,43.84
06-Jun-25,Customer A,Product 020,1666.0,21.92,36518.72
06-Jun-25,Customer A,Product 102,2.0,20.55,41.1
06-Jun-25,Customer A,Product 206,8.0,5.48,43.84
10-Jun-25,Customer L,Product 023,955.0,23.98,22900.9
11-Jun-25,Customer I,Product 007,26000.0,15.07,391820.0
13-Jun-25,Customer E,Product 005,2600.0,46.32,120432.0
13-Jun-25,Customer E,Product 024,3100.0,10.91,33821.0
13-Jun-25,Customer E,Product 035,1000.0,32.51,32510.0
13-Jun-25,Customer L,Product 023,370.0,23.98,8872.6
13-Jun-25,Customer A,Product 016,2356.0,8.49,20002.44
13-Jun-25,Customer A,Product 010,1000.0,26.03,26030.0
13-Jun-25,Customer A,Product 081,210.0,64.39,13521.9
13-Jun-25,Customer A,Product 009,3217.0,19.18,61702.06
13-Jun-25,Customer A,Product 036,1300.0,12.33,16029.0
13-Jun-25,Customer A,Product 044,2500.0,12.33,30825.0
13-Jun-25,Customer A,Product 011,2.0,10.96,21.92
14-Jun-25,Customer L,Product 023,1500.0,23.98,35970.0
16-Jun-25,Customer L,Product 023,1500.0,23.98,35970.0
17-Jun-25,Customer J,Product 026,1000.0,41.1,41100.0
17-Jun-25,Customer J,Product 014,1000.0,68.5,68500.0
17-Jun-25,Customer A,Product 139,3036.0,21.92,66549.12
17-Jun-25,Customer A,Product 036,4863.0,12.33,59960.79
17-Jun-25,Customer A,Product 105,3614.0,8.77,31694.78
17-Jun-25,Customer A,Product 016,1980.0,8.49,16810.2
17-Jun-25,Customer A,Product 044,690.0,10.55,7279.5
17-Jun-25,Customer A,Product 034,2.0,20.55,41.1
17-Jun-25,Customer L,Product 023,2200.0,23.98,52756.0
19-Jun-25,Customer L,Product 023,2100.0,23.98,50358.0
19-Jun-25,Customer A,Product 016,3109.0,8.49,26395.41
19-Jun-25,Customer A,Product 021,2874.0,8.49,24400.26
19-Jun-25,Customer A,Product 102,1041.0,20.55,21392.55
19-Jun-25,Customer A,Product 163,8.0,5.48,43.84
19-Jun-25,Customer A,Product 011,4.0,10.96,43.84
20-Jun-25,Customer L,Product 023,1700.0,23.98,40766.0
23-Jun-25,Customer L,Product 023,1900.0,23.98,45562.0
25-Jun-25,Customer L,Product 023,1400.0,23.98,33572.0
25-Jun-25,Customer L,Product 031,3530.0,16.44,58033.2
27-Jun-25,Customer O,Product 053,1035.0,75.35,77987.25
27-Jun-25,Customer O,Product 135,1026.0,8.56,8782.56
27-Jun-25,Customer O,Product 164,715.0,10.55,7543.25
30-Jun-25,Customer 27,Product 088,5000.0,5.48,27400.0
30-Jun-25,Customer L,Product 031,2640.0,16.44,43401.6
01-Jul-25,Customer J,Product 026,700.0,41.1,28770.0
01-Jul-25,Customer J,Product 014,700.0,68.5,47950.0
02-Jul-25,Customer A,Product 240,8.0,5.48,43.84
02-Jul-25,Customer A,Product 034,2.0,20.55,41.1
02-Jul-25,Customer A,Product 237,4.0,5.48,21.92
02-Jul-25,Customer A,Product 127,2.0,13.97,27.94
02-Jul-25,Customer A,Product 047,1.0,21.92,21.92
02-Jul-25,Customer A,Product 011,2.0,10.96,21.92
02-Jul-25,Customer A,Product 163,4.0,5.48,21.92
02-Jul-25,Customer A,Product 139,1.0,21.92,21.92
02-Jul-25,Customer A,Product 021,4178.0,8.49,35471.22
02-Jul-25,Customer A,Product 016,11625.0,8.49,98696.25
02-Jul-25,Customer A,Product 009,1278.0,19.18,24512.04
04-Jul-25,Customer E,Product 051,3000.0,34.76,104280.0
04-Jul-25,Customer E,Product 056,3000.0,32.84,98520.0
05-Jul-25,Customer L,Product 023,770.0,23.98,18464.6
07-Jul-25,Customer A,Product 240,4.0,5.48,21.92
07-Jul-25,Customer A,Product 081,300.0,64.39,19317.0
07-Jul-25,Customer A,Product 044,1100.0,10.55,11605.0
07-Jul-25,Customer A,Product 009,8863.0,19.18,169992.34
07-Jul-25,Customer A,Product 163,4996.0,5.48,27378.08
07-Jul-25,Customer A,Product 021,9356.0,8.49,79432.44
07-Jul-25,Customer A,Product 011,8666.0,10.96,94979.36
07-Jul-25,Customer A,Product 127,2662.0,13.97,37188.14
07-Jul-25,Customer A,Product 237,8.0,5.48,43.84
07-Jul-25,Customer A,Product 034,2479.0,20.55,50943.45
07-Jul-25,Customer A,Product 050,3715.0,8.49,31540.35
07-Jul-25,Customer A,Product 020,2.0,21.92,43.84
07-Jul-25,Customer A,Product 206,8.0,5.48,43.84
08-Jul-25,Customer E,Product 070,1.0,274000.0,274000.0
08-Jul-25,Customer L,Product 023,2640.0,23.98,63307.2
11-Jul-25,Customer A,Product 127,3030.0,13.97,42329.1
11-Jul-25,Customer A,Product 021,8140.0,8.49,69108.6
11-Jul-25,Customer A,Product 009,1210.0,19.18,23207.8
11-Jul-25,Customer A,Product 047,2518.0,21.92,55194.56
11-Jul-25,Customer A,Product 240,16.0,5.48,87.68
11-Jul-25,Customer A,Product 044,3500.0,10.55,36925.0
11-Jul-25,Customer A,Product 020,560.0,21.92,12275.2
11-Jul-25,Customer A,Product 010,2400.0,26.03,62472.0
11-Jul-25,Customer L,Product 023,1500.0,23.98,35970.0
12-Jul-25,Customer L,Product 023,1080.0,23.98,25898.4
15-Jul-25,Customer L,Product 031,2840.0,16.44,46689.6
15-Jul-25,Customer L,Product 023,915.0,23.98,21941.7
16-Jul-25,Customer E,Product 035,1000.0,33.25,33250.0
16-Jul-25,Customer E,Product 061,1000.0,33.25,33250.0
16-Jul-25,Customer E,Product 017,4400.0,46.98,206712.0
16-Jul-25,Customer L,Product 031,2020.0,16.44,33208.8
16-Jul-25,Customer J,Product 026,1700.0,41.1,69870.0
16-Jul-25,Customer J,Product 014,1700.0,68.5,116450.0
18-Jul-25,Customer A,Product 139,580.0,21.92,12713.6
18-Jul-25,Customer A,Product 127,2630.0,13.97,36741.1
18-Jul-25,Customer A,Product 020,1758.0,21.92,38535.36
19-Jul-25,Customer L,Product 031,5055.0,16.44,83104.2
21-Jul-25,Customer F,Product 045,195.0,818.03,159515.85
21-Jul-25,Customer A,Product 010,1300.0,26.03,33839.0
21-Jul-25,Customer A,Product 011,1915.0,10.96,20988.4
21-Jul-25,Customer A,Product 036,3000.0,12.33,36990.0
21-Jul-25,Customer A,Product 163,8.0,5.48,43.84
21-Jul-25,Customer A,Product 240,8.0,5.48,43.84
21-Jul-25,Customer L,Product 023,1060.0,23.98,25418.8
23-Jul-25,Customer L,Product 023,2060.0,23.98,49398.8
25-Jul-25,Customer L,Product 023,1722.0,23.98,41293.56
26-Jul-25,Customer A,Product 020,1161.0,21.92,25449.12
26-Jul-25,Customer A,Product 010,1980.0,26.03,51539.4
26-Jul-25,Customer A,Product 011,1484.0,10.96,16264.64
26-Jul-25,Customer A,Product 009,3661.0,19.18,70217.98
26-Jul-25,Customer A,Product 036,2400.0,12.33,29592.0
26-Jul-25,Customer A,Product 034,442.0,20.55,9083.1
28-Jul-25,Customer I,Product 007,34300.0,15.07,516901.0
29-Jul-25,Customer L,Product 023,1920.0,23.98,46041.6
01-Aug-25,Customer A,Product 011,1920.0,10.96,21043.2
01-Aug-25,Customer A,Product 009,3000.0,19.18,57540.0
01-Aug-25,Customer A,Product 237,8.0,5.48,43.84
01-Aug-25,Customer A,Product 020,1455.0,21.92,31893.6
01-Aug-25,Customer A,Product 021,3220.0,8.49,27337.8
01-Aug-25,Customer A,Product 044,2115.0,10.55,22313.25
01-Aug-25,Customer L,Product 023,2055.0,23.98,49278.9
01-Aug-25,Customer O,Product 074,500.0,75.35,37675.0
01-Aug-25,Customer O,Product 110,330.0,79.46,26221.8
01-Aug-25,Customer O,Product 072,330.0,95.9,31647.0
05-Aug-25,Customer 30,Product 079,280.0,698.7,195636.0
05-Aug-25,Customer C,Product 015,1000.0,91.28,91280.0
05-Aug-25,Customer C,Product 008,1000.0,159.55,159550.0
05-Aug-25,Customer C,Product 018,1000.0,82.12,82120.0
06-Aug-25,Customer A,Product 009,4300.0,19.18,82474.0
06-Aug-25,Customer A,Product 011,7734.0,10.96,84764.64
06-Aug-25,Customer A,Product 021,8.0,8.49,67.92
06-Aug-25,Customer A,Product 010,1200.0,26.03,31236.0
06-Aug-25,Customer A,Product 240,8.0,5.48,43.84
06-Aug-25,Customer A,Product 020,1974.0,21.92,43270.08
11-Aug-25,Customer 31,Product 095,3700.0,54.8,202760.0
11-Aug-25,Customer 31,Product 220,100.0,95.9,9590.0
11-Aug-25,Customer 31,Product 214,75.0,73.98,5548.5
11-Aug-25,Customer 31,Product 214,50.0,115.08,5754.0
14-Aug-25,Customer E,Product 017,5000.0,46.14,230700.0
14-Aug-25,Customer E,Product 024,10600.0,9.95,105470.0
14-Aug-25,Customer L,Product 031,2540.0,16.44,41757.6
18-Aug-25,Customer Q,Product 067,1000.0,33.06,33060.0
18-Aug-25,Customer Q,Product 134,1000.0,8.55,8550.0
18-Aug-25,Customer Q,Product 094,2000.0,11.48,22960.0
18-Aug-25,Customer Q,Product 057,2000.0,32.93,65860.0
19-Aug-25,Customer L,Product 031,6933.0,16.44,113978.52
21-Aug-25,Customer L,Product 023,1020.0,23.98,24459.6
21-Aug-25,Customer Q,Product 094,1000.0,11.48,11480.0
21-Aug-25,Customer A,Product 021,8832.0,8.49,74983.68
21-Aug-25,Customer A,Product 034,1943.0,20.55,39928.65
21-Aug-25,Customer A,Product 011,5295.0,10.96,58033.2
21-Aug-25,Customer A,Product 112,2.0,71.24,142.48
21-Aug-25,Customer A,Product 163,4.0,5.48,21.92
21-Aug-25,Customer A,Product 237,4.0,5.48,21.92
21-Aug-25,Customer A,Product 240,4.0,5.48,21.92
21-Aug-25,Customer A,Product 020,2.0,21.92,43.84
21-Aug-25,Customer A,Product 085,4.0,10.96,43.84
21-Aug-25,Customer A,Product 047,1.0,21.92,21.92
21-Aug-25,Customer A,Product 244,4.0,5.48,21.92
21-Aug-25,Customer A,Product 118,2.0,84.94,169.88
22-Aug-25,Customer L,Product 023,1520.0,23.98,36449.6
23-Aug-25,Customer L,Product 023,1640.0,23.98,39327.2
25-Aug-25,Customer L,Product 023,1920.0,23.98,46041.6
26-Aug-25,Customer F,Product 006,1000.0,40.42,40420.0
29-Aug-25,Customer L,Product 023,1800.0,23.98,43164.0
29-Aug-25,Customer F,Product 006,1500.0,40.42,60630.0
29-Aug-25,Customer E,Product 087,1185.0,27.4,32469.0
01-Sep-25,Customer L,Product 023,1584.0,23.98,37984.32
01-Sep-25,Customer A,Product 209,867.0,10.96,9502.32
01-Sep-25,Customer A,Product 047,2.0,21.92,43.84
01-Sep-25,Customer A,Product 185,878.0,10.96,9622.88
01-Sep-25,Customer A,Product 011,1203.0,10.96,13184.88
01-Sep-25,Customer A,Product 050,5660.0,8.49,48053.4
01-Sep-25,Customer A,Product 010,3900.0,26.03,101517.0
01-Sep-25,Customer A,Product 020,752.0,21.92,16483.84
01-Sep-25,Customer A,Product 021,5000.0,8.49,42450.0
01-Sep-25,Customer A,Product 044,2000.0,10.55,21100.0
01-Sep-25,Customer O,Product 053,1090.0,75.35,82131.5
02-Sep-25,Customer F,Product 006,3400.0,40.42,137428.0
02-Sep-25,Customer C,Product 004,1100.0,152.34,167574.0
04-Sep-25,Customer E,Product 156,500.0,57.18,28590.0
04-Sep-25,Customer E,Product 024,5700.0,11.06,63042.0
04-Sep-25,Customer E,Product 005,1500.0,48.2,72300.0
04-Sep-25,Customer C,Product 015,1000.0,91.28,91280.0
04-Sep-25,Customer C,Product 008,1000.0,159.55,159550.0
04-Sep-25,Customer C,Product 018,1000.0,82.12,82120.0
06-Sep-25,Customer A,Product 034,1020.0,20.55,20961.0
06-Sep-25,Customer A,Product 016,6250.0,8.49,53062.5
08-Sep-25,Customer A,Product 105,2970.0,8.77,26046.9
08-Sep-25,Customer A,Product 021,9950.0,8.49,84475.5
08-Sep-25,Customer A,Product 011,4.0,10.96,43.84
09-Sep-25,Customer J,Product 026,1940.0,41.1,79734.0
09-Sep-25,Customer J,Product 014,1940.0,68.5,132890.0
10-Sep-25,Customer A,Product 020,2343.0,21.92,51358.56
10-Sep-25,Customer A,Product 085,3044.0,10.96,33362.24
10-Sep-25,Customer A,Product 011,947.0,10.96,10379.12
10-Sep-25,Customer A,Product 206,8.0,5.48,43.84
11-Sep-25,Customer 48,Product 204,1.0,19180.0,19180.0
15-Sep-25,Customer F,Product 006,4200.0,40.42,169764.0
17-Sep-25,Customer G,Product 027,1000.0,113.6,113600.0
17-Sep-25,Customer G,Product 028,1000.0,113.6,113600.0
17-Sep-25,Customer G,Product 058,1000.0,50.55,50550.0
19-Sep-25,Customer E,Product 005,3000.0,48.2,144600.0
20-Sep-25,Customer F,Product 006,5900.0,40.42,238478.0
22-Sep-25,Customer A,Product 016,7500.0,8.49,63675.0
22-Sep-25,Customer A,Product 010,2422.0,26.03,63044.66
22-Sep-25,Customer A,Product 047,2.0,21.92,43.84
22-Sep-25,Customer A,Product 011,4.0,10.96,43.84
22-Sep-25,Customer A,Product 099,2.0,20.55,41.1
22-Sep-25,Customer A,Product 102,2.0,20.55,41.1
22-Sep-25,Customer A,Product 240,8.0,5.48,43.84
23-Sep-25,Customer A,Product 011,1920.0,10.96,21043.2
23-Sep-25,Customer A,Product 010,2475.0,26.03,64424.25
25-Sep-25,Customer C,Product 004,1065.0,152.34,162242.1
26-Sep-25,Customer 27,Product 088,8000.0,5.48,43840.0
26-Sep-25,Customer C,Product 183,1.0,34250.0,34250.0
27-Sep-25,Customer O,Product 074,1025.0,75.35,77233.75
27-Sep-25,Customer G,Product 027,1000.0,113.6,113600.0
27-Sep-25,Customer G,Product 028,1000.0,113.6,113600.0
27-Sep-25,Customer G,Product 058,1000.0,50.55,50550.0
01-Oct-25,Customer F,Product 043,1.0,10603.8,10603.8
07-Oct-25,Customer B,Product 002,1100.0,209.88,230868.0
07-Oct-25,Customer B,Product 003,1100.0,209.88,230868.0
10-Oct-25,Customer E,Product 005,9000.0,49.74,447660.0
10-Oct-25,Customer E,Product 024,5000.0,11.18,55900.0
10-Oct-25,Customer E,Product 061,1000.0,35.07,35070.0
10-Oct-25,Customer E,Product 035,1000.0,35.07,35070.0
10-Oct-25,Customer C,Product 008,1000.0,159.55,159550.0
10-Oct-25,Customer C,Product 018,1000.0,82.12,82120.0
10-Oct-25,Customer C,Product 015,1000.0,91.28,91280.0
10-Oct-25,Customer A,Product 112,371.0,71.24,26430.04
10-Oct-25,Customer A,Product 011,7228.0,10.96,79218.88
10-Oct-25,Customer A,Product 020,5.0,21.92,109.6
10-Oct-25,Customer A,Product 102,1.0,20.55,20.55
10-Oct-25,Customer A,Product 137,1.0,20.55,20.55
10-Oct-25,Customer A,Product 085,1.0,10.96,10.96
10-Oct-25,Customer A,Product 099,1.0,20.55,20.55
10-Oct-25,Customer A,Product 047,126.0,21.92,2761.92
14-Oct-25,Customer B,Product 003,300.0,221.32,66396.0
14-Oct-25,Customer B,Product 002,300.0,221.32,66396.0
15-Oct-25,Customer A,Product 118,317.0,84.94,26925.98
15-Oct-25,Customer A,Product 011,1242.0,10.96,13612.32
15-Oct-25,Customer A,Product 115,200.0,95.9,19180.0
15-Oct-25,Customer A,Product 020,1746.0,21.92,38272.32
15-Oct-25,Customer A,Product 043,2.0,13700.0,27400.0
16-Oct-25,Customer B,Product 003,425.0,221.32,94061.0
16-Oct-25,Customer B,Product 002,425.0,221.32,94061.0
16-Oct-25,Customer E,Product 087,950.0,27.4,26030.0
17-Oct-25,Customer B,Product 003,375.0,221.32,82995.0
17-Oct-25,Customer B,Product 002,50.0,221.32,11066.0
18-Oct-25,Customer B,Product 003,625.0,221.32,138325.0
18-Oct-25,Customer B,Product 002,350.0,221.32,77462.0
18-Oct-25,Customer A,Product 011,4866.0,10.96,53331.36
18-Oct-25,Customer A,Product 112,176.0,71.24,12538.24
18-Oct-25,Customer A,Product 066,7205.0,8.49,61170.45
18-Oct-25,Customer A,Product 137,2.0,20.55,41.1
18-Oct-25,Customer A,Product 009,7500.0,19.18,143850.0
18-Oct-25,Customer A,Product 034,2104.0,20.55,43237.2
18-Oct-25,Customer A,Product 021,2644.0,8.49,22447.56
18-Oct-25,Customer A,Product 099,965.0,20.55,19830.75
18-Oct-25,Customer A,Product 010,4000.0,26.03,104120.0
18-Oct-25,Customer A,Product 020,703.0,21.92,15409.76
19-Oct-25,Customer B,Product 002,600.0,221.32,132792.0
23-Oct-25,Customer P,Product 224,20.0,414.49,8289.8
23-Oct-25,Customer P,Product 223,20.0,436.48,8729.6
23-Oct-25,Customer P,Product 083,8.0,5691.82,45534.56
23-Oct-25,Customer P,Product 083,3.0,5691.82,17075.46
23-Oct-25,Customer P,Product 119,3.0,8053.38,24160.14
23-Oct-25,Customer B,Product 003,650.0,221.32,143858.0
23-Oct-25,Customer B,Product 002,650.0,221.32,143858.0
25-Oct-25,Customer O,Product 164,568.0,10.55,5992.4
25-Oct-25,Customer B,Product 003,425.0,221.32,94061.0
25-Oct-25,Customer B,Product 002,425.0,221.32,94061.0
25-Oct-25,Customer A,Product 102,1556.0,20.55,31975.8
25-Oct-25,Customer A,Product 137,497.0,20.55,10213.35
25-Oct-25,Customer A,Product 010,3500.0,26.03,91105.0
25-Oct-25,Customer A,Product 066,2475.0,8.49,21012.75
25-Oct-25,Customer A,Product 011,9126.0,10.96,100020.96
25-Oct-25,Customer A,Product 047,1465.0,21.92,32112.8
28-Oct-25,Customer D,Product 001,1050.0,120.56,126588.0
29-Oct-25,Customer C,Product 004,1090.0,152.34,166050.6
29-Oct-25,Customer C,Product 086,1.0,123300.0,123300.0
29-Oct-25,Customer C,Product 086,100.0,102.75,10275.0
29-Oct-25,Customer C,Product 062,500.0,47.95,23975.0
31-Oct-25,Customer F,Product 006,2800.0,40.42,113176.0
03-Nov-25,Customer D,Product 001,1050.0,120.56,126588.0
03-Nov-25,Customer A,Product 009,3876.0,19.18,74341.68
03-Nov-25,Customer A,Product 050,1410.0,8.49,11970.9
03-Nov-25,Customer A,Product 021,4950.0,8.49,42025.5
03-Nov-25,Customer A,Product 034,4.0,20.55,82.2
04-Nov-25,Customer B,Product 002,800.0,221.32,177056.0
05-Nov-25,Customer B,Product 003,750.0,221.32,165990.0
08-Nov-25,Customer B,Product 003,350.0,221.32,77462.0
08-Nov-25,Customer B,Product 002,300.0,221.32,66396.0
10-Nov-25,Customer D,Product 001,1050.0,120.56,126588.0
10-Nov-25,Customer B,Product 003,96.0,239.67,23008.32
10-Nov-25,Customer B,Product 002,96.0,239.67,23008.32
11-Nov-25,Customer E,Product 056,3000.0,33.7,101100.0
11-Nov-25,Customer E,Product 051,3000.0,35.83,107490.0
11-Nov-25,Customer B,Product 003,312.0,239.67,74777.04
11-Nov-25,Customer B,Product 002,312.0,239.67,74777.04
12-Nov-25,Customer C,Product 068,2200.0,43.16,94952.0
12-Nov-25,Customer C,Product 030,750.0,106.86,80145.0
12-Nov-25,Customer C,Product 062,700.0,47.95,33565.0
13-Nov-25,Customer B,Product 003,100.0,221.32,22132.0
13-Nov-25,Customer B,Product 002,100.0,221.32,22132.0
14-Nov-25,Customer B,Product 003,200.0,221.32,44264.0
14-Nov-25,Customer B,Product 002,200.0,221.32,44264.0
15-Nov-25,Customer B,Product 003,150.0,221.32,33198.0
15-Nov-25,Customer B,Product 002,150.0,221.32,33198.0
17-Nov-25,Customer A,Product 016,4665.0,8.49,39605.85
17-Nov-25,Customer A,Product 009,1500.0,19.18,28770.0
17-Nov-25,Customer A,Product 020,1771.0,21.92,38820.32
17-Nov-25,Customer A,Product 163,7.0,5.48,38.36
17-Nov-25,Customer A,Product 243,5.0,5.48,27.4
17-Nov-25,Customer A,Product 188,4.0,20.55,82.2
17-Nov-25,Customer A,Product 034,1.0,20.55,20.55
17-Nov-25,Customer A,Product 138,2.0,20.55,41.1
17-Nov-25,Customer A,Product 011,2.0,10.96,21.92
17-Nov-25,Customer A,Product 085,2.0,10.96,21.92
17-Nov-25,Customer A,Product 240,4.0,5.48,21.92
18-Nov-25,Customer D,Product 001,1050.0,120.56,126588.0
18-Nov-25,Customer B,Product 003,200.0,221.32,44264.0
18-Nov-25,Customer B,Product 002,200.0,221.32,44264.0
19-Nov-25,Customer B,Product 003,200.0,221.32,44264.0
19-Nov-25,Customer B,Product 002,200.0,221.32,44264.0
20-Nov-25,Customer F,Product 006,1050.0,40.42,42441.0
20-Nov-25,Customer B,Product 003,100.0,221.32,22132.0
20-Nov-25,Customer B,Product 002,100.0,221.32,22132.0
21-Nov-25,Customer J,Product 014,1000.0,68.5,68500.0
21-Nov-25,Customer B,Product 003,100.0,221.32,22132.0
21-Nov-25,Customer B,Product 002,100.0,221.32,22132.0
21-Nov-25,Customer A,Product 010,2509.0,26.03,65309.27
21-Nov-25,Customer A,Product 016,11741.0,8.49,99681.09
21-Nov-25,Customer A,Product 050,4306.0,8.49,36557.94
21-Nov-25,Customer A,Product 020,294.0,21.92,6444.48
21-Nov-25,Customer A,Product 237,8.0,5.48,43.84
21-Nov-25,Customer A,Product 138,2.0,20.55,41.1
21-Nov-25,Customer A,Product 069,4.0,10.96,43.84
21-Nov-25,Customer A,Product 085,1045.0,10.96,11453.2
21-Nov-25,Customer B,Product 003,100.0,221.32,22132.0
21-Nov-25,Customer B,Product 002,100.0,221.32,22132.0
22-Nov-25,Customer G,Product 033,500.0,340.02,170010.0
22-Nov-25,Customer B,Product 003,100.0,221.32,22132.0
22-Nov-25,Customer B,Product 002,100.0,221.32,22132.0
22-Nov-25,Customer B,Product 003,100.0,221.32,22132.0
22-Nov-25,Customer B,Product 002,100.0,221.32,22132.0
24-Nov-25,Customer B,Product 003,100.0,221.32,22132.0
24-Nov-25,Customer B,Product 002,100.0,221.32,22132.0
24-Nov-25,Customer D,Product 001,1050.0,120.56,126588.0
24-Nov-25,Customer B,Product 003,200.0,221.32,44264.0
24-Nov-25,Customer B,Product 002,200.0,221.32,44264.0
25-Nov-25,Customer G,Product 027,1000.0,115.07,115070.0
25-Nov-25,Customer G,Product 028,1000.0,115.07,115070.0
25-Nov-25,Customer G,Product 058,1000.0,50.59,50590.0
26-Nov-25,Customer B,Product 003,300.0,221.32,66396.0
26-Nov-25,Customer B,Product 002,300.0,221.32,66396.0
27-Nov-25,Customer J,Product 014,800.0,68.5,54800.0
27-Nov-25,Customer J,Product 026,1800.0,41.1,73980.0
27-Nov-25,Customer A,Product 034,2075.0,20.55,42641.25
27-Nov-25,Customer A,Product 036,2716.0,12.33,33488.28
27-Nov-25,Customer B,Product 003,300.0,221.32,66396.0
27-Nov-25,Customer B,Product 002,300.0,221.32,66396.0
28-Nov-25,Customer B,Product 003,400.0,221.32,88528.0
28-Nov-25,Customer B,Product 002,400.0,221.32,88528.0
01-Dec-25,Customer F,Product 006,1000.0,40.42,40420.0
01-Dec-25,Customer D,Product 001,1050.0,120.56,126588.0
01-Dec-25,Customer B,Product 003,300.0,221.32,66396.0
01-Dec-25,Customer B,Product 002,300.0,221.32,66396.0
02-Dec-25,Customer B,Product 003,400.0,221.32,88528.0
02-Dec-25,Customer B,Product 002,400.0,221.32,88528.0
03-Dec-25,Customer 36,Product 109,144.0,356.2,51292.8
05-Dec-25,Customer Z,Product 048,3000.0,28.45,85350.0
05-Dec-25,Customer A,Product 011,962.0,10.96,10543.52
05-Dec-25,Customer A,Product 085,2909.0,10.96,31882.64
05-Dec-25,Customer A,Product 021,4950.0,8.49,42025.5
05-Dec-25,Customer A,Product 138,725.0,20.55,14898.75
05-Dec-25,Customer A,Product 050,2475.0,8.49,21012.75
06-Dec-25,Customer B,Product 003,200.0,221.32,44264.0
06-Dec-25,Customer B,Product 002,200.0,221.32,44264.0
08-Dec-25,Customer B,Product 003,600.0,221.32,132792.0
08-Dec-25,Customer B,Product 002,600.0,221.32,132792.0
08-Dec-25,Customer Z,Product 227,1.0,7535.0,7535.0
08-Dec-25,Customer Z,Product 130,1.0,7535.0,7535.0
09-Dec-25,Customer D,Product 001,1200.0,120.56,144672.0
09-Dec-25,Customer Z,Product 048,2000.0,28.45,56900.0
10-Dec-25,Customer F,Product 006,2020.0,40.42,81648.4
10-Dec-25,Customer A,Product 011,3807.0,10.96,41724.72
10-Dec-25,Customer A,Product 240,2.0,5.48,10.96
10-Dec-25,Customer A,Product 036,1000.0,12.33,12330.0
10-Dec-25,Customer A,Product 050,3218.0,8.49,27320.82
10-Dec-25,Customer A,Product 081,2.0,64.39,128.78
13-Dec-25,Customer R,Product 123,1.0,123300.0,123300.0
13-Dec-25,Customer R,Product 124,1.0,123300.0,123300.0
13-Dec-25,Customer R,Product 141,1000.0,91.79,91790.0
13-Dec-25,Customer R,Product 140,1000.0,91.79,91790.0
13-Dec-25,Customer E,Product 005,3700.0,52.29,193473.0
15-Dec-25,Customer J,Product 014,1360.0,68.5,93160.0
16-Dec-25,Customer B,Product 003,1000.0,221.32,221320.0
16-Dec-25,Customer B,Product 002,1000.0,221.32,221320.0
19-Dec-25,Customer C,Product 015,1000.0,91.28,91280.0
19-Dec-25,Customer C,Product 008,1000.0,159.55,159550.0
19-Dec-25,Customer C,Product 018,1000.0,82.12,82120.0
19-Dec-25,Customer C,Product 030,1450.0,106.86,154947.0
19-Dec-25,Customer C,Product 062,1000.0,47.95,47950.0
19-Dec-25,Customer A,Product 016,1450.0,8.49,12310.5
19-Dec-25,Customer A,Product 009,3120.0,19.18,59841.6
19-Dec-25,Customer A,Product 010,1338.0,26.03,34828.14
19-Dec-25,Customer A,Product 047,10.0,21.92,219.2
19-Dec-25,Customer A,Product 034,2.0,20.55,41.1
19-Dec-25,Customer A,Product 237,8.0,5.48,43.84
19-Dec-25,Customer A,Product 009,130.0,9.59,1246.7
20-Dec-25,Customer A,Product 043,1.0,13700.0,13700.0
20-Dec-25,Customer 46,Product 179,284.0,137.0,38908.0
22-Dec-25,Customer A,Product 011,4895.0,10.96,53649.2
22-Dec-25,Customer A,Product 016,2228.0,8.49,18915.72
22-Dec-25,Customer A,Product 044,1000.0,10.55,10550.0
22-Dec-25,Customer A,Product 046,6020.0,9.73,58574.6
22-Dec-25,Customer A,Product 229,3545.0,1.78,6310.1
22-Dec-25,Customer A,Product 020,1170.0,21.92,25646.4
22-Dec-25,Customer F,Product 006,1550.0,40.42,62651.0
23-Dec-25,Customer B,Product 003,1000.0,221.32,221320.0
23-Dec-25,Customer B,Product 002,1000.0,221.32,221320.0
24-Dec-25,Customer Q,Product 057,2000.0,41.1,82200.0
24-Dec-25,Customer Q,Product 067,2000.0,41.1,82200.0
24-Dec-25,Customer Q,Product 134,1400.0,10.96,15344.0
24-Dec-25,Customer Q,Product 094,1250.0,15.07,18837.5
26-Dec-25,Customer J,Product 026,3350.0,41.1,137685.0
29-Dec-25,Customer O,Product 164,1132.0,10.55,11942.6
01-Jan-26,Customer A,Product 188,790.0,20.55,16234.5
01-Jan-26,Customer A,Product 105,3510.0,8.77,30782.7
01-Jan-26,Customer A,Product 011,11.0,10.96,120.56
01-Jan-26,Customer A,Product 069,5000.0,10.96,54800.0
01-Jan-26,Customer A,Product 044,2500.0,10.55,26375.0
01-Jan-26,Customer A,Product 081,505.0,64.39,32516.95
01-Jan-26,Customer A,Product 021,5570.0,8.49,47289.3
01-Jan-26,Customer A,Product 009,4000.0,19.18,76720.0
01-Jan-26,Customer A,Product 020,1036.0,21.92,22709.12
01-Jan-26,Customer A,Product 046,13501.0,9.73,131364.73
01-Jan-26,Customer A,Product 010,1500.0,26.03,39045.0
01-Jan-26,Customer A,Product 237,16.0,5.48,87.68
01-Jan-26,Customer A,Product 240,8.0,5.48,43.84
01-Jan-26,Customer A,Product 146,2.0,10.28,20.56
01-Jan-26,Customer A,Product 034,1.0,20.55,20.55
01-Jan-26,Customer A,Product 047,1.0,21.92,21.92
01-Jan-26,Customer A,Product 102,2.0,20.55,41.1
01-Jan-26,Customer A,Product 099,2.0,20.55,41.1
01-Jan-26,Customer A,Product 129,2.0,20.55,41.1
02-Jan-26,Customer A,Product 043,2.0,6850.0,13700.0
03-Jan-26,Customer S,Product 184,5.0,6850.0,34250.0
03-Jan-26,Customer B,Product 003,350.0,221.32,77462.0
03-Jan-26,Customer B,Product 002,350.0,221.32,77462.0
05-Jan-26,Customer E,Product 005,3000.0,52.29,156870.0
05-Jan-26,Customer A,Product 138,1674.0,20.55,34400.7
05-Jan-26,Customer A,Product 069,2328.0,10.96,25514.88
05-Jan-26,Customer A,Product 050,1485.0,8.49,12607.65
05-Jan-26,Customer A,Product 020,1155.0,21.92,25317.6
05-Jan-26,Customer A,Product 046,3000.0,9.73,29190.0
05-Jan-26,Customer A,Product 101,20.0,12.33,246.6
05-Jan-26,Customer A,Product 206,8.0,5.48,43.84
06-Jan-26,Customer J,Product 014,2100.0,68.5,143850.0
06-Jan-26,Customer F,Product 006,1410.0,40.42,56992.2
06-Jan-26,Customer F,Product 043,1.0,6850.0,6850.0
06-Jan-26,Customer F,Product 096,1036.0,95.9,99352.4
06-Jan-26,Customer B,Product 003,450.0,221.32,99594.0
06-Jan-26,Customer B,Product 002,450.0,221.32,99594.0
08-Jan-26,Customer B,Product 003,450.0,221.32,99594.0
08-Jan-26,Customer B,Product 002,450.0,221.32,99594.0
10-Jan-26,Customer Z,Product 048,5000.0,28.45,142250.0
12-Jan-26,Customer B,Product 003,500.0,221.32,110660.0
12-Jan-26,Customer B,Product 002,500.0,221.32,110660.0
14-Jan-26,Customer C,Product 004,750.0,170.98,128235.0
16-Jan-26,Customer C,Product 008,1000.0,162.15,162150.0
16-Jan-26,Customer C,Product 018,1000.0,83.17,83170.0
16-Jan-26,Customer C,Product 015,1000.0,92.68,92680.0
16-Jan-26,Customer C,Product 004,272.0,170.98,46506.56
16-Jan-26,Customer W,Product 097,515.0,127.41,65616.15
16-Jan-26,Customer W,Product 145,620.0,48.91,30324.2
16-Jan-26,Customer W,Product 063,820.0,122.48,100433.6
19-Jan-26,Customer E,Product 087,960.0,27.4,26304.0
19-Jan-26,Customer O,Product 072,537.0,144.54,77617.98
19-Jan-26,Customer O,Product 110,533.0,82.88,44175.04
19-Jan-26,Customer O,Product 053,1050.0,75.35,79117.5
20-Jan-26,Customer A,Product 046,7500.0,9.73,72975.0
20-Jan-26,Customer A,Product 168,2061.0,13.7,28235.7
20-Jan-26,Customer A,Product 169,4546.0,10.55,47960.3
20-Jan-26,Customer A,Product 021,3960.0,8.49,33620.4
20-Jan-26,Customer A,Product 163,8.0,5.48,43.84
20-Jan-26,Customer A,Product 240,8.0,5.48,43.84
20-Jan-26,Customer A,Product 011,950.0,10.96,10412.0
20-Jan-26,Customer F,Product 006,2950.0,42.47,125286.5
21-Jan-26,Customer B,Product 003,500.0,221.32,110660.0
21-Jan-26,Customer B,Product 002,500.0,221.32,110660.0
21-Jan-26,Customer A,Product 011,3647.0,10.96,39971.12
21-Jan-26,Customer A,Product 168,1500.0,13.7,20550.0
21-Jan-26,Customer A,Product 009,4425.0,19.18,84871.5
21-Jan-26,Customer A,Product 046,1000.0,9.73,9730.0
21-Jan-26,Customer A,Product 237,8.0,5.48,43.84
22-Jan-26,Customer J,Product 026,1100.0,41.1,45210.0
27-Jan-26,Customer F,Product 006,3075.0,42.47,130595.25
28-Jan-26,Customer 39,Product 172,500.0,50.42,25210.0
28-Jan-26,Customer 39,Product 162,500.0,60.14,30070.0
28-Jan-26,Customer A,Product 020,1150.0,21.92,25208.0
28-Jan-26,Customer A,Product 046,3470.0,9.73,33763.1
28-Jan-26,Customer A,Product 009,2501.0,19.18,47969.18
28-Jan-26,Customer A,Product 240,8.0,5.48,43.84
28-Jan-26,Customer A,Product 102,1600.0,20.55,32880.0
28-Jan-26,Customer A,Product 010,1446.0,26.03,37639.38
28-Jan-26,Customer A,Product 011,5710.0,10.96,62581.6
28-Jan-26,Customer A,Product 009,97.0,9.59,930.23
28-Jan-26,Customer V,Product 142,1.0,86310.0,86310.0
29-Jan-26,Customer B,Product 003,400.0,227.82,91128.0
29-Jan-26,Customer B,Product 002,400.0,227.82,91128.0
31-Jan-26,Customer J,Product 014,1500.0,68.5,102750.0
31-Jan-26,Customer B,Product 003,800.0,227.82,182256.0
31-Jan-26,Customer B,Product 002,800.0,227.82,182256.0
02-Feb-26,Customer F,Product 043,2.0,13763.71,27527.42
02-Feb-26,Customer F,Product 096,1000.0,102.34,102340.0
02-Feb-26,Customer A,Product 240,5.0,5.48,27.4
02-Feb-26,Customer A,Product 099,3015.0,20.55,61958.25
02-Feb-26,Customer A,Product 010,2919.0,26.03,75981.57
02-Feb-26,Customer A,Product 034,3583.0,20.55,73630.65
02-Feb-26,Customer A,Product 046,2000.0,9.73,19460.0
03-Feb-26,Customer Q,Product 126,600.0,17.81,10686.0
04-Feb-26,Customer B,Product 003,500.0,227.82,113910.0
04-Feb-26,Customer B,Product 002,500.0,227.82,113910.0
05-Feb-26,Customer Q,Product 126,3090.0,17.81,55032.9
05-Feb-26,Customer B,Product 003,200.0,227.82,45564.0
05-Feb-26,Customer B,Product 002,200.0,227.82,45564.0
06-Feb-26,Customer E,Product 005,1000.0,54.17,54170.0
07-Feb-26,Customer B,Product 003,475.0,227.82,108214.5
07-Feb-26,Customer B,Product 002,475.0,227.82,108214.5
10-Feb-26,Customer V,Product 039,5000.0,114.18,570900.0
10-Feb-26,Customer V,Product 225,5000.0,1.64,8200.0
10-Feb-26,Customer Y,Product 098,2050.0,93.37,191408.5
12-Feb-26,Customer E,Product 005,4000.0,54.17,216680.0
12-Feb-26,Customer E,Product 128,2000.0,29.02,58040.0
12-Feb-26,Customer 52,Product 087,100.0,27.4,2740.0
12-Feb-26,Customer Y,Product 113,2130.0,69.18,147353.4
12-Feb-26,Customer Y,Product 098,80.0,93.37,7469.6
13-Feb-26,Customer A,Product 009,4952.0,19.18,94979.36
13-Feb-26,Customer A,Product 010,2930.0,26.03,76267.9
13-Feb-26,Customer A,Product 237,8.0,5.48,43.84
13-Feb-26,Customer A,Product 011,4.0,10.96,43.84
13-Feb-26,Customer A,Product 163,8.0,5.48,43.84
13-Feb-26,Customer B,Product 003,500.0,227.82,113910.0
13-Feb-26,Customer B,Product 002,500.0,227.82,113910.0
14-Feb-26,Customer D,Product 001,150.0,120.56,18084.0
14-Feb-26,Customer B,Product 003,500.0,227.82,113910.0
14-Feb-26,Customer B,Product 002,500.0,227.82,113910.0
14-Feb-26,Customer O,Product 135,617.0,8.56,5281.52
16-Feb-26,Customer E,Product 073,2000.0,89.86,179720.0
17-Feb-26,Customer A,Product 034,2.0,20.55,41.1
17-Feb-26,Customer A,Product 102,2.0,20.55,41.1
17-Feb-26,Customer A,Product 011,3774.0,10.96,41363.04
17-Feb-26,Customer A,Product 010,3365.0,26.03,87590.95
17-Feb-26,Customer A,Product 237,133.0,5.48,728.84
17-Feb-26,Customer A,Product 021,4750.0,8.49,40327.5
17-Feb-26,Customer A,Product 081,2.0,64.39,128.78
17-Feb-26,Customer A,Product 009,3655.0,19.18,70102.9
17-Feb-26,Customer A,Product 210,992.0,4.11,4077.12
17-Feb-26,Customer B,Product 003,500.0,227.82,113910.0
17-Feb-26,Customer B,Product 002,500.0,227.82,113910.0
18-Feb-26,Customer D,Product 001,700.0,120.56,84392.0
19-Feb-26,Customer B,Product 003,513.0,227.82,116871.66
19-Feb-26,Customer B,Product 002,513.0,227.82,116871.66
20-Feb-26,Customer C,Product 068,2100.0,44.73,93933.0
20-Feb-26,Customer C,Product 030,2100.0,113.87,239127.0
20-Feb-26,Customer C,Product 062,2100.0,50.8,106680.0
21-Feb-26,Customer H,Product 055,5000.0,71.24,356200.0
21-Feb-26,Customer A,Product 099,2.0,20.55,41.1
21-Feb-26,Customer A,Product 137,487.0,20.55,10007.85
21-Feb-26,Customer A,Product 010,1480.0,26.03,38524.4
21-Feb-26,Customer A,Product 041,98.0,22.26,2181.48
21-Feb-26,Customer A,Product 020,1346.0,21.92,29504.32
21-Feb-26,Customer A,Product 215,612.0,5.75,3519.0
21-Feb-26,Customer A,Product 210,1320.0,4.11,5425.2
21-Feb-26,Customer A,Product 046,4390.0,9.73,42714.7
23-Feb-26,Customer F,Product 006,1000.0,42.47,42470.0
23-Feb-26,Customer C,Product 004,900.0,181.94,163746.0
24-Feb-26,Customer Q,Product 067,1600.0,41.1,65760.0
24-Feb-26,Customer Q,Product 134,600.0,10.96,6576.0
24-Feb-26,Customer Q,Product 094,1000.0,15.07,15070.0
24-Feb-26,Customer A,Product 011,4320.0,10.96,47347.2
24-Feb-26,Customer A,Product 020,830.0,21.92,18193.6
24-Feb-26,Customer B,Product 003,450.0,227.82,102519.0
24-Feb-26,Customer B,Product 002,450.0,227.82,102519.0
24-Feb-26,Customer Z,Product 048,5000.0,28.45,142250.0
26-Feb-26,Customer Q,Product 057,600.0,45.02,27012.0
26-Feb-26,Customer D,Product 001,1050.0,120.56,126588.0
26-Feb-26,Customer B,Product 003,1000.0,227.82,227820.0
26-Feb-26,Customer B,Product 002,1000.0,227.82,227820.0
27-Feb-26,Customer H,Product 055,600.0,71.24,42744.0
28-Feb-26,Customer D,Product 001,1050.0,120.56,126588.0
28-Feb-26,Customer A,Product 011,4306.0,10.96,47193.76
28-Feb-26,Customer A,Product 102,1505.0,20.55,30927.75
28-Feb-26,Customer A,Product 020,2.0,21.92,43.84
28-Feb-26,Customer A,Product 081,516.0,64.39,33225.24
28-Feb-26,Customer A,Product 047,6.0,21.92,131.52
28-Feb-26,Customer A,Product 215,1265.0,5.75,7273.75
28-Feb-26,Customer A,Product 240,8.0,5.48,43.84
28-Feb-26,Customer A,Product 041,770.0,22.26,17140.2
28-Feb-26,Customer A,Product 232,980.0,5.34,5233.2
28-Feb-26,Customer A,Product 210,1056.0,4.11,4340.16
02-Mar-26,Customer A,Product 011,2749.0,10.96,30129.04
02-Mar-26,Customer A,Product 020,1363.0,21.92,29876.96
02-Mar-26,Customer B,Product 003,600.0,227.82,136692.0
02-Mar-26,Customer B,Product 002,600.0,227.82,136692.0
03-Mar-26,Customer 32,Product 082,500.0,245.23,122615.0
05-Mar-26,Customer H,Product 029,4000.0,19.18,76720.0
05-Mar-26,Customer H,Product 012,9300.0,52.06,484158.0
05-Mar-26,Customer F,Product 006,1000.0,42.47,42470.0
07-Mar-26,Customer A,Product 009,2380.0,19.18,45648.4
07-Mar-26,Customer A,Product 047,1470.0,21.92,32222.4
07-Mar-26,Customer A,Product 020,1572.0,21.92,34458.24
07-Mar-26,Customer A,Product 219,990.0,9.73,9632.7
07-Mar-26,Customer A,Product 041,442.0,22.26,9838.92
07-Mar-26,Customer C,Product 015,1000.0,98.23,98230.0
07-Mar-26,Customer C,Product 018,1000.0,87.42,87420.0
07-Mar-26,Customer C,Product 008,1000.0,172.57,172570.0
07-Mar-26,Customer B,Product 003,600.0,227.82,136692.0
07-Mar-26,Customer B,Product 002,600.0,227.82,136692.0
07-Mar-26,Customer D,Product 001,1050.0,120.56,126588.0
09-Mar-26,Customer E,Product 017,5000.0,55.17,275850.0
09-Mar-26,Customer E,Product 024,2500.0,11.54,28850.0
09-Mar-26,Customer E,Product 035,1000.0,38.4,38400.0
09-Mar-26,Customer H,Product 029,6150.0,19.18,117957.0
09-Mar-26,Customer H,Product 012,145.0,52.06,7548.7
10-Mar-26,Customer Q,Product 057,600.0,45.02,27012.0
10-Mar-26,Customer P,Product 052,1.0,411000.0,411000.0
10-Mar-26,Customer P,Product 038,1.0,589100.0,589100.0
11-Mar-26,Customer F,Product 006,2200.0,42.47,93434.0
13-Mar-26,Customer A,Product 011,479.0,10.96,5249.84
13-Mar-26,Customer A,Product 129,1180.0,20.55,24249.0
13-Mar-26,Customer A,Product 137,1080.0,20.55,22194.0
13-Mar-26,Customer A,Product 009,1425.0,19.18,27331.5
13-Mar-26,Customer A,Product 010,666.0,26.03,17335.98
13-Mar-26,Customer A,Product 047,1338.0,21.92,29328.96
13-Mar-26,Customer A,Product 131,7176.0,9.18,65875.68
13-Mar-26,Customer A,Product 046,2890.0,9.73,28119.7
13-Mar-26,Customer D,Product 001,1200.0,120.56,144672.0
13-Mar-26,Customer H,Product 029,4250.0,19.18,81515.0
13-Mar-26,Customer H,Product 012,4955.0,52.06,257957.3
14-Mar-26,Customer B,Product 003,500.0,227.82,113910.0
14-Mar-26,Customer B,Product 002,500.0,227.82,113910.0
16-Mar-26,Customer A,Product 131,4540.0,9.18,41677.2
16-Mar-26,Customer A,Product 046,1425.0,9.73,13865.25
17-Mar-26,Customer B,Product 003,700.0,227.82,159474.0
17-Mar-26,Customer B,Product 002,700.0,227.82,159474.0
18-Mar-26,Customer Q,Product 057,900.0,45.02,40518.0
19-Mar-26,Customer C,Product 015,1000.0,104.67,104670.0
19-Mar-26,Customer C,Product 008,1000.0,184.54,184540.0
20-Mar-26,Customer C,Product 018,1135.0,92.3,104760.5
20-Mar-26,Customer A,Product 041,4127.0,22.26,91867.02
20-Mar-26,Customer A,Product 046,15.0,9.73,145.95
20-Mar-26,Customer A,Product 011,3834.0,10.96,42020.64
20-Mar-26,Customer 27,Product 088,8000.0,5.89,47120.0
21-Mar-26,Customer D,Product 001,1050.0,125.9,132195.0
21-Mar-26,Customer B,Product 003,665.0,227.82,151500.3
21-Mar-26,Customer B,Product 002,665.0,227.82,151500.3
23-Mar-26,Customer C,Product 004,227.0,203.98,46303.46
23-Mar-26,Customer O,Product 135,495.0,8.56,4237.2
23-Mar-26,Customer O,Product 164,1104.0,10.55,11647.2
23-Mar-26,Customer F,Product 076,28655.0,7.69,220356.95
23-Mar-26,Customer 35,Product 108,1.0,164400.0,164400.0
24-Mar-26,Customer F,Product 006,2100.0,44.17,92757.0
25-Mar-26,Customer D,Product 001,1050.0,125.9,132195.0
25-Mar-26,Customer H,Product 120,2140.0,60.83,130176.2
25-Mar-26,Customer A,Product 185,2145.0,10.96,23509.2
25-Mar-26,Customer A,Product 011,2883.0,10.96,31597.68
25-Mar-26,Customer A,Product 020,1591.0,21.92,34874.72
25-Mar-26,Customer A,Product 163,1.0,5.48,5.48
25-Mar-26,Customer A,Product 047,1.0,21.92,21.92
28-Mar-26,Customer C,Product 004,300.0,203.98,61194.0
28-Mar-26,Customer D,Product 001,1050.0,125.9,132195.0
30-Mar-26,Customer B,Product 003,500.0,227.82,113910.0
30-Mar-26,Customer B,Product 002,500.0,227.82,113910.0
01-Apr-26,Customer E,Product 005,5000.0,55.61,278050.0
01-Apr-26,Customer E,Product 024,2900.0,11.65,33785.0
01-Apr-26,Customer E,Product 035,1800.0,39.48,71064.0
01-Apr-26,Customer F,Product 006,1800.0,44.17,79506.0
02-Apr-26,Customer A,Product 020,1354.0,21.92,29679.68
02-Apr-26,Customer A,Product 016,2851.0,8.49,24204.99
02-Apr-26,Customer A,Product 011,2858.0,10.96,31323.68
02-Apr-26,Customer F,Product 076,2970.0,7.95,23611.5
02-Apr-26,Customer B,Product 003,500.0,227.82,113910.0
02-Apr-26,Customer B,Product 002,500.0,227.82,113910.0
03-Apr-26,Customer C,Product 004,242.0,203.98,49363.16
04-Apr-26,Customer B,Product 003,500.0,227.82,113910.0
04-Apr-26,Customer B,Product 002,500.0,227.82,113910.0
06-Apr-26,Customer F,Product 180,1960.0,19.8,38808.0
07-Apr-26,Customer B,Product 003,419.0,227.82,95456.58
07-Apr-26,Customer B,Product 002,419.0,227.82,95456.58
08-Apr-26,Customer D,Product 001,1050.0,125.9,132195.0
08-Apr-26,Customer P,Product 083,20.0,289.07,5781.4
08-Apr-26,Customer P,Product 119,10.0,500.05,5000.5
08-Apr-26,Customer P,Product 083,1.0,331.54,331.54
08-Apr-26,Customer P,Product 119,1.0,557.59,557.59
08-Apr-26,Customer Q,Product 093,144.0,17.81,2564.64
09-Apr-26,Customer D,Product 001,900.0,125.9,113310.0
09-Apr-26,Customer F,Product 006,1990.0,46.54,92614.6
10-Apr-26,Customer C,Product 018,1000.0,109.15,109150.0
13-Apr-26,Customer C,Product 008,1000.0,219.89,219890.0
13-Apr-26,Customer C,Product 004,250.0,203.98,50995.0
13-Apr-26,Customer C,Product 015,1000.0,125.49,125490.0
13-Apr-26,Customer A,Product 011,855.0,10.96,9370.8
13-Apr-26,Customer A,Product 129,1180.0,20.55,24249.0
13-Apr-26,Customer A,Product 137,1080.0,20.55,22194.0
13-Apr-26,Customer A,Product 009,1425.0,19.18,27331.5
13-Apr-26,Customer A,Product 016,6354.0,8.49,53945.46
13-Apr-26,Customer A,Product 050,3087.0,8.49,26208.63
13-Apr-26,Customer A,Product 206,18.0,5.48,98.64
13-Apr-26,Customer A,Product 044,4751.0,10.55,50123.05
13-Apr-26,Customer A,Product 036,100.0,12.33,1233.0
13-Apr-26,Customer A,Product 240,1.0,5.48,5.48
13-Apr-26,Customer A,Product 237,20.0,5.48,109.6
13-Apr-26,Customer A,Product 099,105.0,20.55,2157.75
13-Apr-26,Customer A,Product 021,10035.0,8.49,85197.15
13-Apr-26,Customer A,Product 244,4.0,5.48,21.92
14-Apr-26,Customer Q,Product 093,1050.0,17.81,18700.5
16-Apr-26,Customer D,Product 022,600.0,125.9,75540.0
16-Apr-26,Customer A,Product 099,1900.0,20.55,39045.0
16-Apr-26,Customer A,Product 016,1460.0,8.49,12395.4
16-Apr-26,Customer A,Product 041,2516.0,22.26,56006.16
17-Apr-26,Customer B,Product 003,500.0,227.82,113910.0
17-Apr-26,Customer B,Product 002,500.0,227.82,113910.0
18-Apr-26,Customer B,Product 003,525.0,227.82,119605.5
18-Apr-26,Customer B,Product 002,525.0,227.82,119605.5
21-Apr-26,Customer F,Product 006,2050.0,46.54,95407.0
21-Apr-26,Customer F,Product 006,10.0,46.54,465.4
21-Apr-26,Customer E,Product 005,1900.0,55.61,105659.0
21-Apr-26,Customer A,Product 021,8900.0,8.49,75561.0
21-Apr-26,Customer A,Product 237,8.0,5.48,43.84
21-Apr-26,Customer A,Product 041,1172.0,22.26,26088.72
21-Apr-26,Customer A,Product 041,88.0,11.14,980.32
22-Apr-26,Customer G,Product 027,1000.0,150.43,150430.0
22-Apr-26,Customer G,Product 028,1000.0,150.43,150430.0
22-Apr-26,Customer G,Product 058,1000.0,60.18,60180.0
23-Apr-26,Customer 37,Product 133,3275.0,10.96,35894.0
23-Apr-26,Customer Q,Product 093,1520.0,17.81,27071.2
24-Apr-26,Customer F,Product 006,1355.0,46.54,63061.7
24-Apr-26,Customer B,Product 003,25.0,227.82,5695.5
24-Apr-26,Customer B,Product 002,25.0,227.82,5695.5
25-Apr-26,Customer P,Product 083,450.0,331.54,149193.0
25-Apr-26,Customer P,Product 119,183.0,557.59,102038.97
25-Apr-26,Customer D,Product 022,450.0,125.9,56655.0
25-Apr-26,Customer B,Product 003,400.0,227.82,91128.0
25-Apr-26,Customer B,Product 002,400.0,227.82,91128.0
27-Apr-26,Customer E,Product 024,4000.0,11.65,46600.0
28-Apr-26,Customer B,Product 003,250.0,227.82,56955.0
28-Apr-26,Customer B,Product 002,250.0,227.82,56955.0
28-Apr-26,Customer C,Product 086,540.0,146.26,78980.4
29-Apr-26,Customer H,Product 029,1306.0,23.29,30416.74
29-Apr-26,Customer H,Product 012,10000.0,69.12,691200.0
29-Apr-26,Customer A,Product 010,2931.0,26.03,76293.93
29-Apr-26,Customer A,Product 041,728.0,22.26,16205.28
29-Apr-26,Customer A,Product 041,59.0,11.14,657.26
29-Apr-26,Customer A,Product 163,8.0,5.48,43.84
29-Apr-26,Customer A,Product 011,4.0,10.96,43.84
29-Apr-26,Customer A,Product 020,2.0,21.92,43.84
29-Apr-26,Customer A,Product 047,2.0,21.92,43.84
30-Apr-26,Customer D,Product 022,1650.0,125.9,207735.0
02-May-26,Customer B,Product 003,475.0,227.82,108214.5
02-May-26,Customer B,Product 002,475.0,227.82,108214.5
04-May-26,Customer 45,Product 159,100.0,105.96,10596.0
04-May-26,Customer 45,Product 158,100.0,105.96,10596.0
04-May-26,Customer 45,Product 175,100.0,105.96,10596.0
04-May-26,Customer 45,Product 174,100.0,105.96,10596.0
06-May-26,Customer B,Product 003,275.0,227.82,62650.5
06-May-26,Customer B,Product 002,275.0,227.82,62650.5
07-May-26,Customer F,Product 006,2050.0,47.13,96616.5
07-May-26,Customer B,Product 003,400.0,227.82,91128.0
07-May-26,Customer B,Product 002,400.0,227.82,91128.0
07-May-26,Customer B,Product 003,50.0,227.82,11391.0
07-May-26,Customer B,Product 002,50.0,227.82,11391.0
08-May-26,Customer E,Product 005,2100.0,55.61,116781.0
08-May-26,Customer A,Product 122,100.0,9.73,973.0
08-May-26,Customer A,Product 235,279.0,9.73,2714.67
08-May-26,Customer A,Product 011,6645.0,12.33,81932.85
08-May-26,Customer A,Product 036,1739.0,13.43,23354.77
08-May-26,Customer A,Product 041,2820.0,23.98,67623.6
08-May-26,Customer A,Product 041,108.0,11.99,1294.92
08-May-26,Customer A,Product 047,575.0,27.4,15755.0
08-May-26,Customer A,Product 020,597.0,24.66,14722.02
08-May-26,Customer B,Product 003,600.0,227.82,136692.0
08-May-26,Customer B,Product 002,600.0,227.82,136692.0
09-May-26,Customer H,Product 012,300.0,69.12,20736.0
09-May-26,Customer H,Product 012,11340.0,69.87,792325.8
13-May-26,Customer B,Product 003,600.0,227.82,136692.0
13-May-26,Customer B,Product 002,600.0,227.82,136692.0
13-May-26,Customer E,Product 005,3400.0,55.61,189074.0
14-May-26,Customer H,Product 029,8694.0,23.29,202483.26
14-May-26,Customer H,Product 029,6306.0,26.03,164145.18
14-May-26,Customer 37,Product 133,1503.0,10.96,16472.88
15-May-26,Customer H,Product 029,4310.0,26.03,112189.3
16-May-26,Customer C,Product 015,1000.0,135.26,135260.0
16-May-26,Customer C,Product 062,2000.0,61.31,122620.0
16-May-26,Customer C,Product 018,1000.0,116.59,116590.0
18-May-26,Customer D,Product 022,750.0,125.9,94425.0
18-May-26,Customer A,Product 105,3191.0,9.73,31048.43
18-May-26,Customer A,Product 010,1445.0,27.4,39593.0
18-May-26,Customer A,Product 157,427.0,68.5,29249.5
18-May-26,Customer A,Product 240,8.0,6.17,49.36
18-May-26,Customer A,Product 011,2425.0,12.33,29900.25
18-May-26,Customer A,Product 016,4806.0,10.82,52000.92
18-May-26,Customer A,Product 041,3499.0,23.98,83906.02
18-May-26,Customer A,Product 020,2704.0,24.66,66680.64
18-May-26,Customer A,Product 047,670.0,27.4,18358.0
18-May-26,Customer A,Product 044,1985.0,11.1,22033.5
19-May-26,Customer E,Product 087,1400.0,27.4,38360.0
19-May-26,Customer E,Product 061,1000.0,39.4,39400.0
19-May-26,Customer E,Product 024,7000.0,11.65,81550.0
19-May-26,Customer E,Product 005,7000.0,55.61,389270.0
19-May-26,Customer C,Product 004,1043.0,263.38,274705.34
19-May-26,Customer B,Product 003,100.0,227.82,22782.0
19-May-26,Customer B,Product 002,100.0,227.82,22782.0
20-May-26,Customer B,Product 003,250.0,227.82,56955.0
20-May-26,Customer B,Product 002,250.0,227.82,56955.0
21-May-26,Customer 40,Product 148,2500.0,21.17,52925.0
21-May-26,Customer B,Product 003,500.0,227.82,113910.0
21-May-26,Customer B,Product 002,500.0,227.82,113910.0
22-May-26,Customer C,Product 008,1000.0,238.11,238110.0
23-May-26,Customer B,Product 003,325.0,227.82,74041.5
23-May-26,Customer B,Product 002,325.0,227.82,74041.5
26-May-26,Customer Q,Product 134,2000.0,14.67,29340.0
26-May-26,Customer Q,Product 094,3000.0,20.1,60300.0
26-May-26,Customer D,Product 022,1050.0,125.9,132195.0
26-May-26,Customer A,Product 011,6752.0,12.33,83252.16
26-May-26,Customer A,Product 034,2.0,24.66,49.32
26-May-26,Customer A,Product 050,3126.0,10.82,33823.32
26-May-26,Customer C,Product 068,2000.0,50.55,101100.0
26-May-26,Customer C,Product 030,2000.0,139.74,279480.0
26-May-26,Customer B,Product 003,550.0,227.82,125301.0
26-May-26,Customer B,Product 002,550.0,227.82,125301.0
26-May-26,Customer F,Product 006,1670.0,47.53,79375.1
29-May-26,Customer B,Product 003,600.0,227.82,136692.0
29-May-26,Customer B,Product 002,600.0,227.82,136692.0
29-May-26,Customer A,Product 034,2941.0,24.66,72525.06
29-May-26,Customer A,Product 016,1950.0,10.82,21099.0
29-May-26,Customer A,Product 036,380.0,13.43,5103.4
29-May-26,Customer A,Product 011,4.0,12.33,49.32
29-May-26,Customer A,Product 206,8.0,6.17,49.36
29-May-26,Customer D,Product 022,1000.0,125.9,125900.0
30-May-26,Customer 37,Product 133,250.0,10.96,2740.0
01-Jun-26,Customer B,Product 003,600.0,227.82,136692.0
01-Jun-26,Customer B,Product 002,600.0,227.82,136692.0
01-Jun-26,Customer 37,Product 133,2600.0,10.96,28496.0
02-Jun-26,Customer T,Product 060,825.0,36.99,30516.75
03-Jun-26,Customer T,Product 060,504.0,36.99,18642.96
04-Jun-26,Customer B,Product 003,600.0,227.82,136692.0
04-Jun-26,Customer B,Product 002,600.0,227.82,136692.0
04-Jun-26,Customer A,Product 021,1175.0,9.18,10786.5
04-Jun-26,Customer A,Product 036,487.0,13.43,6540.41
04-Jun-26,Customer A,Product 010,1426.0,27.4,39072.4
04-Jun-26,Customer A,Product 188,2.0,24.66,49.32
04-Jun-26,Customer A,Product 011,5.0,12.33,61.65
04-Jun-26,Customer A,Product 237,1.0,6.17,6.17
04-Jun-26,Customer A,Product 206,1.0,6.17,6.17
04-Jun-26,Customer A,Product 146,4.0,13.7,54.8
05-Jun-26,Customer T,Product 104,1000.0,36.99,36990.0
06-Jun-26,Customer E,Product 005,16400.0,59.92,982688.0
06-Jun-26,Customer E,Product 024,12000.0,11.65,139800.0
06-Jun-26,Customer B,Product 003,325.0,227.82,74041.5
06-Jun-26,Customer B,Product 002,325.0,227.82,74041.5
08-Jun-26,Customer T,Product 104,1200.0,36.99,44388.0
08-Jun-26,Customer T,Product 060,300.0,36.99,11097.0
09-Jun-26,Customer T,Product 060,700.0,36.99,25893.0
09-Jun-26,Customer T,Product 104,1200.0,36.99,44388.0
10-Jun-26,Customer T,Product 060,800.0,36.99,29592.0
10-Jun-26,Customer T,Product 104,270.0,36.99,9987.3
11-Jun-26,Customer T,Product 060,1200.0,36.99,44388.0
11-Jun-26,Customer A,Product 016,3690.0,10.82,39925.8
11-Jun-26,Customer A,Product 036,2580.0,13.43,34649.4
11-Jun-26,Customer A,Product 041,5069.0,23.98,121554.62
11-Jun-26,Customer A,Product 021,9170.0,9.18,84180.6
11-Jun-26,Customer A,Product 044,2430.0,11.1,26973.0
11-Jun-26,Customer A,Product 188,525.0,24.66,12946.5
11-Jun-26,Customer A,Product 165,2.0,78.09,156.18
11-Jun-26,Customer A,Product 085,12.0,12.33,147.96
11-Jun-26,Customer A,Product 011,4.0,12.33,49.32
13-Jun-26,Customer B,Product 130,2.0,22632.4,45264.8
13-Jun-26,Customer T,Product 060,800.0,36.99,29592.0
13-Jun-26,Customer D,Product 022,1050.0,127.96,134358.0
13-Jun-26,Customer A,Product 199,1949.0,12.33,24031.17
13-Jun-26,Customer A,Product 041,1390.0,23.98,33332.2
13-Jun-26,Customer A,Product 085,2.0,12.33,24.66
13-Jun-26,Customer A,Product 246,2.0,12.33,24.66
15-Jun-26,Customer T,Product 104,450.0,36.99,16645.5
15-Jun-26,Customer T,Product 089,200.0,36.99,7398.0
15-Jun-26,Customer T,Product 060,800.0,36.99,29592.0
15-Jun-26,Customer T,Product 104,600.0,36.99,22194.0
15-Jun-26,Customer T,Product 089,50.0,36.99,1849.5
16-Jun-26,Customer T,Product 089,400.0,36.99,14796.0
16-Jun-26,Customer B,Product 003,250.0,227.82,56955.0
16-Jun-26,Customer B,Product 002,250.0,227.82,56955.0
17-Jun-26,Customer T,Product 089,688.0,36.99,25449.12
17-Jun-26,Customer B,Product 003,600.0,227.82,136692.0
17-Jun-26,Customer B,Product 002,600.0,227.82,136692.0
18-Jun-26,Customer B,Product 003,625.0,227.82,142387.5
18-Jun-26,Customer B,Product 002,625.0,227.82,142387.5
19-Jun-26,Customer T,Product 089,570.0,36.99,21084.3
20-Jun-26,Customer T,Product 089,1140.0,36.99,42168.6
20-Jun-26,Customer 37,Product 133,2070.0,10.96,22687.2
22-Jun-26,Customer B,Product 003,550.0,227.82,125301.0
22-Jun-26,Customer B,Product 002,550.0,227.82,125301.0
22-Jun-26,Customer T,Product 089,570.0,36.99,21084.3
22-Jun-26,Customer T,Product 060,300.0,36.99,11097.0
22-Jun-26,Customer D,Product 022,2100.0,127.96,268716.0
22-Jun-26,Customer T,Product 060,800.0,36.99,29592.0
23-Jun-26,Customer T,Product 060,800.0,36.99,29592.0
24-Jun-26,Customer T,Product 130,1.0,27400.0,27400.0
24-Jun-26,Customer T,Product 130,1.0,27400.0,27400.0
24-Jun-26,Customer T,Product 207,8.0,1096.0,8768.0
24-Jun-26,Customer T,Product 207,8.0,1096.0,8768.0
24-Jun-26,Customer T,Product 060,600.0,36.99,22194.0
24-Jun-26,Customer G,Product 033,500.0,485.32,242660.0
25-Jun-26,Customer T,Product 060,800.0,36.99,29592.0
26-Jun-26,Customer T,Product 089,800.0,36.99,29592.0
27-Jun-26,Customer F,Product 006,1700.0,47.53,80801.0
27-Jun-26,Customer D,Product 022,1175.0,127.96,150353.0
27-Jun-26,Customer C,Product 195,1.0,24660.0,24660.0
27-Jun-26,Customer C,Product 193,1.0,26030.0,26030.0
27-Jun-26,Customer T,Product 060,320.0,36.99,11836.8
27-Jun-26,Customer T,Product 089,450.0,36.99,16645.5
29-Jun-26,Customer B,Product 003,650.0,227.82,148083.0
29-Jun-26,Customer B,Product 002,650.0,227.82,148083.0
29-Jun-26,Customer A,Product 157,340.0,68.5,23290.0
29-Jun-26,Customer A,Product 010,3309.0,27.4,90666.6
29-Jun-26,Customer A,Product 016,4357.0,10.82,47142.74
29-Jun-26,Customer A,Product 237,8.0,6.17,49.36
29-Jun-26,Customer A,Product 044,1500.0,11.1,16650.0
29-Jun-26,Customer A,Product 157,94.0,68.5,6439.0
29-Jun-26,Customer A,Product 112,369.0,71.24,26287.56
29-Jun-26,Customer A,Product 246,4.0,12.33,49.32
29-Jun-26,Customer A,Product 010,562.0,13.7,7699.4
29-Jun-26,Customer T,Product 190,790.0,36.99,29222.1
30-Jun-26,Customer U,Product 032,1.0,732950.0,732950.0
30-Jun-26,Customer T,Product 089,772.0,36.99,28556.28
30-Jun-26,Customer 33,Product 114,1124.0,127.3,143085.2
30-Jun-26,Customer 33,Product 043,10.0,6850.0,68500.0
